<?xml version="1.0" encoding="utf-8"?>
<ArrayOfitem>
<item>
<title>Prince of Persia Der Sand der Zeit</title>
<link>http://vidplay.net/c35tbyz1s9hf</link>
<link>http://www.mightyupload.com/embed-ks9m28tuh3ri-645x353.html</link>
<thumbnail>http://images.cinefacts.de/PrinceofPersiaDerSandderZeit-Filmbild-48857.jpg</thumbnail>
<fanart>http://d3gtl9l2a4fn1j.cloudfront.net/t/p/original/2JK9IllXGo7V2PZzLmclkB5Cf8k.jpg</fanart>
<imdb></imdb>
<darsteller></darsteller>
<plot></plot>
<fsk></fsk>
<code></code>
<trailer></trailer>
</item>
<item>
<title>Zorn der Titanen</title>
<link>http://vidplay.net/hk7rrcnfj27c</link>
<link>http://www.mightyupload.com/embed-30rk4ov20kz0-645x353.html</link>
<thumbnail>http://images.cinefacts.de/ZornderTitanen-Filmbild-85474.jpg</thumbnail>
<fanart>http://d3gtl9l2a4fn1j.cloudfront.net/t/p/original/mdDiviHKdjYZ8kFZKaoz4ZfYcwM.jpg</fanart>
<imdb></imdb>
<darsteller></darsteller>
<plot></plot>
<fsk></fsk>
<code></code>
<trailer></trailer>
</item>
<item>
<title>John Carter</title>
<link>http://180upload.com/v23z4lht7gsb</link>
<link>http://www.mightyupload.com/embed-70t78j6mtfzv-645x353.html</link>
<thumbnail>http://images.cinefacts.de/JohnCarter-ZwischenzweiWelten-Filmbild-58177.jpg</thumbnail>
<fanart>http://d3gtl9l2a4fn1j.cloudfront.net/t/p/original/qFrJlsJaKr0nIbyRQbb6bdTnkHZ.jpg</fanart>
<imdb></imdb>
<darsteller></darsteller>
<plot>Wie John Carter 1871 von einer Höhle in Arizona auf den Mars gelangen konnte, weiß der Ex-Soldat nicht. Der Mann von der Erde, der durch Schwerkraftveränderung auf dem Wüstenplaneten besondere Kräfte erlangt, könnte für die verfeindeten Mars-Völker ein wichtiger Krieger werden, die Herrschaft von Helium oder Zodanga sichern, den primitiven, aggressiven Kreaturen vom Volk der Tharks wieder zu alter Bedeutung verhelfen. Doch Carter engagiert sich nicht, bis Heliums schöne Prinzessin Dejah Thoris und die Liebe ihn umstimmen.</plot>
<fsk></fsk>
<code></code>
<trailer></trailer>
</item>
<item>
<title>Pakt der Wölfe</title>
<link>http://180upload.com/b6xt9h06s0ya</link>
<link>http://www.mightyupload.com/embed-x3luofeud0ch-645x353.html</link>
<thumbnail>http://images.cinefacts.de/PaktderWlfe-Filmbild-10217.jpg</thumbnail>
<fanart></fanart>
<imdb></imdb>
<darsteller></darsteller>
<plot></plot>
<fsk></fsk>
<code></code>
<trailer></trailer>
</item>
<item>
<title>300</title>
<link>http://vidplay.net/ndunjjl4swt6</link>
<link>http://www.mightyupload.com/embed-d1iqevicpneu-645x353.html</link>
<thumbnail>http://images.cinefacts.de/300-Filmbild-43560.jpg</thumbnail>
<fanart>http://d3gtl9l2a4fn1j.cloudfront.net/t/p/original/pDDMP33wHbbdE8uPQnY1o454bEc.jpg</fanart>
<imdb></imdb>
<darsteller></darsteller>
<plot>Ein Soldat Spartas erinnert sich: Das riesige Perserheer des Kaisers Xerxes bedroht Griechenland. Leonidas (Gerard Butler), König des harten, kriegerischen Sparta, verweigert die Kapitulation und will sich ihm entgegenstellen. Wegen Bedenken, politischer Ränke und manipuliertem Orakelspruch macht er sich mit nur dreihundert Männern auf dem Weg. An den Thermopylen, der Enge zwischen Meer und Gebirge, beziehen sie Stellung gegen die Übermacht und schlagen Angriff um Angriff zurück. Doch während daheim Leonidas Gattin Gorgo (Lena Headey) ihren Mann verteidigt, werden die Spartaner vom missgestalteten Ephialtes verraten</plot>
<fsk></fsk>
<code></code>
<trailer></trailer>
</item>
<item>
<title>Gladiator</title>
<link>http://vidplay.net/5q7610emu3ag</link>
<link>http://www.mightyupload.com/embed-doxfv1726z9m-645x353.html</link>
<thumbnail>http://images.cinefacts.de/Gladiator-Filmbild-9594.jpg</thumbnail>
<fanart>http://d3gtl9l2a4fn1j.cloudfront.net/t/p/original/sHg0lJLtfTuGQxUz3Yie5AGW4v0.jpg</fanart>
<imdb></imdb>
<darsteller> Russell Crowe [Maximus] | Joaquin Phoenix [Commodus] | Connie Nielsen [Lucilla] | Oliver Reed [Proximo] | Richard Harris [Marcus Aurelius] | Derek Jacobi [Gracchus] | Djimon Hounsou [Juba] | David Schofield [Falco] | John Shrapnel [Gaius] | Tomas Arana [Quintus]</darsteller>
<plot>Im Jahr 180 nach Christus steht Kaiser Marc Aurel am Ziel seiner Träume: Mit den germanischen Stämmen sind die letzten Feinde besiegt. Nun gilt es nur noch, einen Nachfolger zu installieren. Der Kaiser favorisiert seinen Feldherrn Maximus, Sohn Commodus hingegen rechnet mit sich selbst. Mit der Entscheidung des Vaters unzufrieden, tötet er diesen und versucht Maximus zu ermorden. Dem gelingt die Flucht, die ihn schliesslich ins Kolosseum Roms führt. Von hier aus startet er seinen Rachefeldzug gegen den Thronräuber Commodus.</plot>
<fsk></fsk>
<code></code>
<trailer></trailer>
</item>
<item>
<title>Solomon Kane</title>
<link>http://180upload.com/k3or4i6cw36z</link>
<link>http://www.mightyupload.com/embed-sngixr4vwxmn-645x353.html</link>
<thumbnail>http://images.cinefacts.de/SolomonKane-Cover-197769.jpg</thumbnail>
<fanart>http://d3gtl9l2a4fn1j.cloudfront.net/t/p/original/rEAuvuZLher0Jt9xGT3b90Yx5Zq.jpg</fanart>
<imdb></imdb>
<darsteller> James Purefoy [Solomon Kane] | Mark O'Neal [Kane's Soldier #1] | Robert Orr [Kane's Soldier #2] | Richard Ryan [Kane's Soldier #3] | Frantisek Deak [Cowering Guard] | Christian Dunckley Clark [Lieutenant Malthus (als Christian Michael Dunkley Clark)] | Ian Whyte [Devil's Reaper] | Thomas McEnchroe [Young Monk] | Andrew Whitlaw [Older Monk] | Robert Russell [Abbott]</darsteller>
<plot>Zu Beginn ist Kane ein Söldner im Dienste von Queen Elizabeth I., der in Afrika kämpft. Doch nach einer Begegnung mit einem Dämon, erkennt er, dass er Vergebung finden muss, oder seine Seele in der Hölle landen wird. Er kehrt nach England zurück, um als Puritaner ein friedvolles Leben zu führen. Doch dann stört ein böser Zauberer seine Pläne und er muss wieder zu den Waffen greifen.</plot>
<fsk></fsk>
<code></code>
<trailer></trailer>
</item>
<item>
<title>Eragon - Das Vermächtnis der Drachenreiter</title>
<link>http://180upload.com/yloph2blr2rq</link>
<link>http://www.mightyupload.com/embed-ggoykgbq9ws5-645x353.html</link>
<thumbnail>http://images.cinefacts.de/EragonDasVermchtnisderDrachenreiter-Cover-158511.jpg</thumbnail>
<fanart></fanart>
<imdb></imdb>
<darsteller> Ed Speleers [Eragon] | Jeremy Irons [Brom] | Sienna Guillory [Arya] | Robert Carlyle [Durza] | John Malkovich [Galbatorix] | Garrett Hedlund [Murtagh] | Alun Armstrong [Uncle Garrow] | Christopher Egan [Roran (als Chris Egan)] | Gary Lewis [Hrothgar] | Djimon Hounsou [Ajihad]</darsteller>
<plot>Der 17-jährige Eragon stößt im Wald auf einen seltsamen Edelstein, aus dem nach kurzer Zeit ein kleiner Drache schlüpft. Durch diese Begegnung erfährt der junge Eragon, dass er der Auserwählte ist, um die Zunft der Drachenreiter wiederzubeleben. Diese sind gedanklich mit ihren Drachen verbunden und gelten als die stärksten Krieger. Als der tyrannische König Galbatorix erfährt, dass es wieder einen Drachenreiter gibt, schickt er sogleich seine Schergen aus, um Eragon zu töten. Galbatorix selbst ist bisher nämlich der letzte verbleibende Drachenreiter gewesen, der nun um sein Imperium fürchtet.</plot>
<fsk></fsk>
<code></code>
<trailer></trailer>
</item>
<item>
<title>Blood Diamond</title>
<link>http://180upload.com/0sz2wxr5nt8l</link>
<link>http://www.mightyupload.com/embed-h2cjrvo12k5o-645x353.html</link>
<thumbnail>http://images.cinefacts.de/BloodDiamond-Filmbild-42598.jpg</thumbnail>
<fanart>http://d3gtl9l2a4fn1j.cloudfront.net/t/p/original/46y6EvnDveRFwtztyHVS0y2DipU.jpg</fanart>
<imdb></imdb>
<darsteller> Leonardo DiCaprio [Danny Archer] | Djimon Hounsou [Solomon Vandy] | Jennifer Connelly [Maddy Bowen] | Kagiso Kuypers [Dia Vandy] | Arnold Vosloo [Colonel Coetzee] | Antony Coleman [Cordell Brown] | Benu Mabhena [Jassie Vandy] | Anointing Lukola [N'Yanda Vandy] | David Harewood [Captain Poison] | Basil Wallace [Benjamin Kapanay]</darsteller>
<plot>Sierra Leone, ein afrikanische Land befindet sich mitten im Bürgerkrieg. Der ehemalige Soldat Danny Archer muss wegen Diamantenschmuggels ins Gefängnis.</plot>
<fsk></fsk>
<code></code>
<trailer></trailer>
</item>
<item>
<title>The Grey - Unter Wölfen</title>
<link>http://180upload.com/nsfyrjl67u3i</link>
<link>http://www.mightyupload.com/embed-utgqftaguw3n-645x353.html</link>
<thumbnail>http://images.cinefacts.de/TheGrey-UnterWlfen-Filmbild-83529.jpg</thumbnail>
<fanart></fanart>
<imdb></imdb>
<darsteller> Liam Neeson [Ottway] | Frank Grillo [Diaz] | Dermot Mulroney [Talget] | Dallas Roberts [Hendrick] | Joe Anderson [Flannery] | Nonso Anozie [Burke] | James Badge Dale [Lewenden] | Ben Bray [Hernandez (als Ben Hernandez)] | Anne Openshaw [Ottway's Wife] | Peter Girges [Company Clerk]</darsteller>
<plot>John Ottway (Liam Neeson) ist in Alaska bei einem Ölunternehmen angestellt, um dort die Bohrarbeiter vor wilden Tieren zu schützen. Er und ein Trupp Männer befinden sich auf dem Rückflug in die Heimat, als ihr Flugzeug in einen heftigen Sturm gerät und in der Wildnis abstürzt. Eisige Kälte empfängt die Männer in einer scheinbar unendlichen Schnee-Hölle. Die acht Überlebenden, die unterschiedlicher nicht sein könnten, versuchen sich in Richtung Süden durchzuschlagen - doch Hunger und Kälte sind nicht die größte Gefahr: Die Absturzstelle liegt inmitten eines Jagdreviers von Wölfen. Das Rudel hat die Männer bereits entdeckt und nimmt die unerbittliche Verfolgung auf. In einem atemberaubenden Wettlauf gegen die Zeit liefern sich Mann und Wolf ein gnadenloses Duell um Leben und Tod. Nur gemeinsam als Gruppe können die Männer jetzt überleben. Jeder Fehltritt, jede Schwäche eines Einzelnen, kann sie das Leben kosten</plot>
<fsk></fsk>
<code></code>
<trailer></trailer>
</item>
<item>
<title>Der Herr der Ringe - Die zwei Tuerme Special Extended</title>
<link>http://vidplay.net/yf31uwvg9xhi</link>
<link>http://www.mightyupload.com/embed-6q1eix4nyh7q-645x353.html</link>
<thumbnail>http://images.cinefacts.de/DerHerrderRingeDiezweiTrme-Filmbild-21255.jpg</thumbnail>
<fanart>http://d3gtl9l2a4fn1j.cloudfront.net/t/p/original/8HqSxB9VLJkbRXRdlocbLq9wxwY.jpg</fanart>
<imdb></imdb>
<darsteller></darsteller>
<plot>Nachdem die Gemeinschaft des Ringes zerbrochen ist, gehen die Gefährten getrennte Wege. Aragorn, Legolas und Gimli verfolgen die Uruk-Hai, die Merry und Pippin entführt haben und zu dem Zauberer Saruman bringen sollen. Diese Gruppe von Orks wird auf dem Weg nach Orthanc von den Reitern von Rohan angegriffen und aufgerieben, wobei Merry und Pippin die Flucht in den Wald von Fangorn gelingt.</plot>
<fsk></fsk>
<code></code>
<trailer></trailer>
</item>
<item>
<title>Die Abenteuer von Tim und Struppi - Das Geheimnis der Einhorn</title>
<link>http://180upload.com/0lwszan3940c</link>
<link>http://www.mightyupload.com/embed-chju80ys1tyy-645x353.html</link>
<thumbnail>http://images.cinefacts.de/DieAbenteuervonTimundStruppiDasGeheimnisderEinhorn-Filmbild-61564.jpg</thumbnail>
<fanart>http://d3gtl9l2a4fn1j.cloudfront.net/t/p/original/m3xgF9JiTlfN1rO9hcvTd4PTIQy.jpg</fanart>
<imdb></imdb>
<darsteller> Jamie Bell [Tintin (Sprechrolle)] | Andy Serkis [Captain Haddock / Sir Francis Haddock (Sprechrolle)] | Daniel Craig [Sakharine / Red Rackham (Sprechrolle)] | Nick Frost [Thomson (Sprechrolle)] | Simon Pegg [Thompson (Sprechrolle)] | Daniel Mays [Allan / Pirate Flunky #1 (Sprechrolle)] | Gad Elmaleh [Ben Salaad (Sprechrolle)] | Toby Jones [Silk (Sprechrolle)] | Joe Starr [Barnaby (Sprechrolle)] | Enn Reitel [Nestor / Mr. Crabtree (Sprechrolle)]</darsteller>
<plot>Tim und seine Freunde entdecken den Lageplan eines alten Schiffes, welches von einem Vorfahren des Kapitän Haddock kommandiert wurde. Kurzerhand entschließt die abenteuerlustige Gruppe sich auf den Weg zu machen um das Schiff und damit vielleicht einen alten Schatz zu bergen. Dabei werden sie, wie immer, nicht auf wenige Gefahren stoßen.</plot>
<fsk></fsk>
<code></code>
<trailer></trailer>
</item>
<item>
<title>Der Herr der Ringe Die Gefaehrten</title>
<link>http://vidplay.net/y8rjuyc4uatx</link>
<link>http://www.mightyupload.com/embed-z647f6q67sr1-645x353.html</link>
<thumbnail>http://images.cinefacts.de/DerHerrderRingeDieGefhrten-Filmbild-11138.jpg</thumbnail>
<fanart>http://d3gtl9l2a4fn1j.cloudfront.net/t/p/original/pIUvQ9Ed35wlWhY2oU6OmwEsmzG.jpg</fanart>
<imdb></imdb>
<darsteller> Alan Howard [The Ring (Sprechrolle)] | Elijah Wood [Frodo Baggins] | Noel Appleby [Everard Proudfoot] | Sean Astin [Samwise 'Sam' Gamgee] | Sala Baker [Sauron] | Sean Bean [Boromir] | Cate Blanchett [Galadriel] | Orlando Bloom [Legolas Greenleaf] | Billy Boyd [Peregrin 'Pippin' Took] | Marton Csokas [Celeborn]</darsteller>
<plot>Ein alter Ring, der über Jahrhunderte als verloren galt, ist wieder aufgetaucht und vom Schicksal in die Hände des kleinen Hobbits Frodo gelegt worden. Als der Zauberer Gandalf erkennt, dass es sich um den Einen Ring des dunklen Herrschers Sauron handelt, beginnt eine abenteurliche Reise für Frodo. Der Rat der freien Völker Mittelerdes beschließt, dass Frodo sich mit acht Gefährten sich auf den Weg nach Mordor machen soll, denn nur dort kann der Ring für immer zerstört und die Macht Saurons gebrochen werden. Die Gemeinschaft des Rings - bestehend aus Frodo, Gandalf, den Kriegern Aragorn und Boromir, dem Elben Legolas, dem Zwerg Gimli und den drei Hobbits Merry, Pippin und Sam - muss sich allerlei Gefahren stellen, denn die Mächte des Bösen lauern überall und sind ernstzunehmende Gegner. Das Gelingen des Auftrags ist somit alles andere als sicher und es wird sich zeigen, ob die Gemeinschaft dem gewachsen ist, zumal auch der Ring selbst einen dämonischen Einfluss besitzt.</plot>
<fsk></fsk>
<code></code>
<trailer></trailer>
</item>
<item>
<title>Der Herr der Ringe: Die Rückkehr des Königs</title>
<link>http://vidplay.net/y2s17ox3k8ng</link>
<link>http://www.mightyupload.com/embed-oofsujkax129-645x353.html</link>
<thumbnail>http://images.cinefacts.de/DerHerrderRingeDieRckkehrdesKnigs-Filmbild-23589.jpg</thumbnail>
<fanart></fanart>
<imdb></imdb>
<darsteller> Noel Appleby [Everard Proudfoot] | Alexandra Astin [Elanor Gamgee] | Sean Astin [Sam] | David Aston [Gondorian Soldier 3] | John Bach [Madril] | Sean Bean [Boromir] | Cate Blanchett [Galadriel] | Orlando Bloom [Legolas] | Billy Boyd [Pippin] | Sadwyn Brophy [Eldarion]</darsteller>
<plot>Während die Hobbits Frodo und Sam unter Führung des undurchsichtigen Gollum ihren Weg nach Mordor zum Schicksalsberg fortsetzen um den Ring zu zerstören, unterstützen die früheren Gefährten des Rings das Königreich Gondor bei der Verteidigung der Hauptstadt Minas Tirith gegen die Truppen von Sauron. Trotz der Hilfe durch die Reiter von Rohan sind sie weit unterlegen und es besteht wenig Aussicht auf Erfolg. In dieser Situation entschließt sich Aragorn zusammen mit Legolas und Gimli einen gefährlichen Weg einzuschlagen um neue Allierte für die Schlacht gegen Sauron und zur Rettung von Mittelerde zu gewinnen. Doch wie immer die Schlacht auch ausgehen mag, entscheidend für die Zukunft Mittelerdes ist, ob die Zerstörung des Rings gelingen wird.</plot>
<fsk></fsk>
<code></code>
<trailer></trailer>
</item>
<item>
<title>Battle of Empires Fetih 1453</title>
<link>http://vidplay.net/0jbuq68vvg26</link>
<link>http://www.mightyupload.com/embed-901f4v1dv74h-645x353.html</link>
<thumbnail>http://images.cinefacts.de/Fetih1453-BattleofEmpires-Filmbild-91375.jpg</thumbnail>
<fanart>http://d3gtl9l2a4fn1j.cloudfront.net/t/p/original/6V3nYgtcCzMX6HHWjIIkajVEc8F.jpg</fanart>
<imdb></imdb>
<darsteller></darsteller>
<plot>Im jungen Alter von 18 Jahren besteigt Fatih Mehmed II. im Jahre 1451 nach dem Tod seines Vaters den Thron und ist damit Herrscher des Osmanischen Reiches. Der junge Sultan hat ein großes Ziel vor Augen: Die Eroberung der letzten großen byzantinischen Stadt Konstantinopel, die er braucht, um das Osmanische Reich auszuweiten.</plot>
<fsk></fsk>
<code></code>
<trailer></trailer>
</item>
<item>
<title>Indiana Jones und der letzte Kreuzzug</title>
<link>http://vidplay.net/amlta4dgal81</link>
<link>http://www.mightyupload.com/embed-isxgx7kcteqh-645x353.html</link>
<thumbnail>http://images.cinefacts.de/IndianaJonesTheCompleteAdventures-Cover-219277.jpg</thumbnail>
<fanart>http://d3gtl9l2a4fn1j.cloudfront.net/t/p/original/vfvVuu1JdnEGcyZUj7VHrhhbeMj.jpg</fanart>
<imdb></imdb>
<darsteller> Harrison Ford [Indiana Jones] | Sean Connery [Professor Henry Jones] | Denholm Elliott [Marcus Brody] | Alison Doody [Dr. Elsa Schneider] | John Rhys-Davies [Sallah] | Julian Glover [Walter Donovan] | River Phoenix [Young Indy] | Michael Byrne [General Vogel] | Kevork Malikyan [Kazim] | Robert Eddison [Grail Knight]</darsteller>
<plot>Drei Jahre nach der Jagd auf die Bundeslade ist Indiana Jones unterwegs das Kreuz von Francisco de Coronado zu beschaffen, einen Schatz den er als Jugendlicher schon einmal fast errungen hatte. Bei seiner Rückkehr bittet ihn der reiche Privatsammler Walter Donovan um Hilfe bei der Suche nach dem Heiligen Gral. Zunächst abgeneigt willigt Jones erst ein als er erfährt, dass der bisherige Leiter bei diesem Unternehmen verschollen ist: sein Vater. Die Suche führt ihn zusammen mit dem Freund seines Vaters, Marcus Brody, nach Venedig, wo er auf Elsa Schneider, die Assistentin seines Vaters, trifft. Schnell wird klar, dass in die Suche nach dem Heiligen Gral auch die Nazis und eine geheimnisvolle Bruderschaft verstrickt sind. Über Österreich und Deutschland um seinen Vater zu retten führen dessen Tagebuch und eine Karte ohne Beschriftung Indiana Jones in den Nahen Osten, wo er seinen alten Freund Sallah wieder trifft. In der Wüste findet das Wettrennen um den Gral dann schließlich sein dramatisches Ende.</plot>
<fsk></fsk>
<code></code>
<trailer></trailer>
</item>
<item>
<title>Das Geheimnis von Green Lake</title>
<link>http://vidplay.net/gm026los1qmq</link>
<link>http://www.mightyupload.com/embed-1q5w2htse1tb-645x353.html</link>
<thumbnail>http://images.cinefacts.de/DasGeheimnisvonGreenLake-Cover-128089.jpg</thumbnail>
<fanart>http://d3gtl9l2a4fn1j.cloudfront.net/t/p/original/6qakq4qhod18CWzEMjjpP0JT3rO.jpg</fanart>
<imdb></imdb>
<darsteller></darsteller>
<plot>Stanley Yelnats wird wegen Diebstahls, den er nicht begangen hat, zu 18 Monaten Aufenthalt in einer Jugendhaftanstalt verurteilt. Die Direktorin der Anstalt führt ein strenges Regiment. Ungehorsame Kinder müssen zur Strafe tiefe Löcher in den texanischen Steppenboden graben. Angeblich soll diese Strafmaßnahme den Charakter stärken. Niemand ahnt, dass sie ein ganz anderes Ziel verfolgt. Doch als Stanley die Geschichte über den seit 100 Jahren vergrabenen Schatz erfährt, kommt ihm der Verdacht, dass diese Löcher mehr bedeuten als eine bloße Strafmaßnahme...</plot>
<fsk></fsk>
<code></code>
<trailer></trailer>
</item>
<item>
<title>Die Herrschaft des Feuers</title>
<link>http://180upload.com/90y5jgzivhr3</link>
<thumbnail>http://images.cinefacts.de/DieHerrschaftdesFeuers-Cover-119216.jpg</thumbnail>
<fanart>http://d3gtl9l2a4fn1j.cloudfront.net/t/p/original/1R7c18aWnoe0RUEcPnc23sIxeFg.jpg</fanart>
<imdb></imdb>
<darsteller> Christian Bale [Quinn Abercromby] | Matthew McConaughey [Denton Van Zan] | Izabella Scorupco [Alex Jensen] | Gerard Butler [Creedy] | Scott Moutter [Jared Wilke (als Scott James Moutter)] | David Kennedy [Eddie Stax] | Alexander Siddig [Ajay] | Ned Dennehy [Barlow] | Rory Keenan [Devon] | Terence Maynard [Gideon]</darsteller>
<plot>Der Kampf um die Erde hat begonnen! Durch Zufall wird bei Bauarbeiten in London eine uralte Höhle freigelegt. Als der Junge Quinn sie betritt, weckt er damit eine mystische Kreatur des Schreckens aus ihrem ewigen Schlaf: Ein gigantischer Drache breitet sien Schwingen aus und überzieht die Erde mit Feuer und Vernichtung. In nur wenigen Jahren hat die Brut der Kreatur nahezu die ganze Menschheit ausgerottet. Wo früher die stolzen Hauptstädte dieser Welt standen, weht jetzt nur noch Asche durch Qualmende Ruinen.</plot>
<fsk></fsk>
<code></code>
<trailer></trailer>
</item>
<item>
<title>Sin Nombre</title>
<link>http://180upload.com/4sapdp52205z</link>
<thumbnail>http://images.cinefacts.de/SinNombre-Filmbild-81754.jpg</thumbnail>
<fanart>http://d3gtl9l2a4fn1j.cloudfront.net/t/p/original/f56HoLd7Fc1zgKBwGN6nvpTweDR.jpg</fanart>
<imdb></imdb>
<darsteller></darsteller>
<plot>Der Film erzählt die Geschichte von Sayra und Willy und ihre Reise von Honduras in die USA.</plot>
<fsk></fsk>
<code></code>
<trailer></trailer>
</item>
<item>
<title>Troja</title>
<link>http://180upload.com/r8trqbyeh3i5</link>
<link>http://www.mightyupload.com/embed-6ohc3pspaxdj-645x353.html</link>
<thumbnail>http://images.cinefacts.de/Troja-Filmbild-25368.jpg</thumbnail>
<fanart>http://d3gtl9l2a4fn1j.cloudfront.net/t/p/original/lIyNUZbIeEwWpaWXAO5gnciB8Dq.jpg</fanart>
<imdb></imdb>
<darsteller> Julian Glover [Triopas] | Brian Cox [Agamemnon] | Nathan Jones [Boagrius] | Adoni Maropis [Agamemnon's Officer] | Jacob Smith [Messenger Boy] | Brad Pitt [Achilles] | John Shrapnel [Nestor] | Brendan Gleeson [Menelaus] | Diane Kruger [Helen] | Eric Bana [Hector]</darsteller>
<plot>Im Jahre 1193 vor Christus spannte Paris, der Prinz von Troja, dem Griechischen König Menelaus seine Frau Helena aus. Um diese Schmach zu rächen, schickte Menelaus seine von Archilles angeführte Armee nach Troja. Doch der Widerstand der Trojaner um Heeresführer Hector war stärker als erwartet, weshalb die Stadt über zehn lange Jahre belagert wurde.</plot>
<fsk></fsk>
<code></code>
<trailer></trailer>
</item>
<item>
<title>Dein Weg</title>
<link>http://180upload.com/2h3h7uhs19l8</link>
<link>http://www.mightyupload.com/embed-uzwtrekhotbi-645x353.html</link>
<thumbnail>http://images.cinefacts.de/DeinWeg-Filmbild-216131.jpg</thumbnail>
<fanart>http://d3gtl9l2a4fn1j.cloudfront.net/t/p/original/emw8wc3UOaIFA07mBysh3fY7KNX.jpg</fanart>
<imdb></imdb>
<darsteller></darsteller>
<plot>Ein erfolgreicher Arzt aus Kalifornien erfährt vom Unfalltod seines einzigen Sohnes auf dem fernen Jakobsweg. Tief getroffen reist er nach Europa und entscheidet sich vor Ort spontan, die Wanderung stellvertretend für den Sohn zu beenden. Entlang des Camino de Santiago kämpft er mit der Bewältigung der Trauer ebenso wie mit der untrainierten Kondition. Während er so lernt, sein Schicksal anzunehmen, trifft der Einzelgänger auf skurrile Mitpilger, die ebenfalls ihr Päckchen zu tragen haben. Mit einigen freundet er sich an.</plot>
<fsk></fsk>
<code></code>
<trailer></trailer>
</item>
<item>
<title>Mein Freund Shadow</title>
<link>http://vidplay.net/0gexy3a3gofd</link>
<link>http://www.mightyupload.com/embed-rjvregxhmr0o-645x353.html</link>
<thumbnail>http://images.cinefacts.de/MeinFreundShadowAbenteueraufderPferdeinsel-Cover-221584.jpg</thumbnail>
<fanart></fanart>
<imdb></imdb>
<darsteller></darsteller>
<plot></plot>
<fsk></fsk>
<code></code>
<trailer></trailer>
</item>
<item>
<title>Die Weihnachtshütte</title>
<link>http://180upload.com/qy7ick0v7210</link>
<thumbnail>http://images.cinefacts.de/ThomasKinkadeDieWeihnachtshtte-Cover-220455.jpg</thumbnail>
<fanart></fanart>
<imdb></imdb>
<darsteller></darsteller>
<plot></plot>
<fsk></fsk>
<code></code>
<trailer></trailer>
</item>
<item>
<title>Dungeons Dragons 3 Das Buch der dunklen Schatten 2012</title>
<link>http://180upload.com/wqoyh8ra46s0</link>
<link>http://www.mightyupload.com/embed-mlj1ojc7l2y8-645x353.html</link>
<thumbnail>http://images.cinefacts.de/DungeonsDragons2DieMachtderElemente-Cover-153693.jpg</thumbnail>
<fanart>http://d3gtl9l2a4fn1j.cloudfront.net/t/p/original/nG4wfCXBULSOlk9wgyr14oerPBV.jpg</fanart>
<imdb></imdb>
<darsteller></darsteller>
<plot></plot>
<fsk></fsk>
<code></code>
<trailer></trailer>
</item>
<item>
<title>On The Road Unterwegs 2012</title>
<link>http://180upload.com/6p12y5klffbk</link>
<link>http://www.mightyupload.com/embed-uovh25q2sii2-645x353.html</link>
<thumbnail>http://images.cinefacts.de/thumbs/OntheRoad-Unterwegs-Filmbild-43653.jpg</thumbnail>
<fanart>http://d3gtl9l2a4fn1j.cloudfront.net/t/p/original/ciBrNTSEmI5MO4EXKGraqfS7R2X.jpg</fanart>
<imdb>6.2</imdb>
<darsteller> Sam Riley [Sal Paradise / Jack Kerouac] | Garrett Hedlund [Dean Moriarty / Neal Cassady] | Kristen Stewart [Marylou / LuAnne Henderson] | Amy Adams [Jane / Joan Vollmer] | Tom Sturridge [Carlo Marx / Allen Ginsberg] | Alice Braga [Terry / Bea Franco] | Elisabeth Moss [Galatea Dunkel / Helen Hinkle] | Danny Morgan [Ed Dunkle / Al Hinkle] | Kirsten Dunst [Camille / Carolyn Cassady] | Viggo Mortensen [Old Bull Lee / William S. Burroughs]</darsteller>
<plot>Kurz nach dem Tod seines Vaters lernt der junge Schriftsteller Sal Paradise (Sam Riley) den gleichaltrigen, charismatischen und lebenshungrigen Dean Moriarty (Garrett Hedlund) kennen. Kurzerhand reißt Dean Sal aus der Arbeit an seinem Roman und seiner lethargischen Trauer und nimmt ihn mit auf einen langen Trip Richtung Westen. Stets die nächste Etappe vor Augen begeben sich die beiden in den Taumel des bloßen Seins, leben vom immer letzten Dollar, berauschen sich an der unendlichen Weite der Landschaft, den Drogen, dem Sex, dem Jazz und ihren wilden Gedanken. Auf ihrer Reise stoßen sie auf neue Wegbegleiter und kehren ein bei alten Bekannten: Darunter Deans große Lieben Marylou (Kristen Stewart) und Camille (Kirsten Dunst), der unverwechselbare Old Bull Lee (Viggo Mortensen) und seine Frau Jane (Amy Adams) sowie der gebildete und nachdenkliche Carlo Marx (Tom Sturridge). Atemlos erzählt dieses Roadmovie von der Suche nach dem Glück, nach Freiheit, nach der großen Liebe und dem ultimativen Rausch des Lebens.</plot>
<fsk></fsk>
<code></code>
<trailer></trailer>
</item>
<item>
<title>Myn Bala - Krieger der Steppe</title>
<link>http://180upload.com/e0eya8n01mkz</link>
<link>http://www.mightyupload.com/embed-9wpwct15d4j3-645x353.html</link>
<thumbnail>http://images.cinefacts.de/Myn-Bala_dvd_cover.jpg</thumbnail>
<fanart>http://d3gtl9l2a4fn1j.cloudfront.net/t/p/original/azLD3W3qbj12v93p1NmBThmS2ki.jpg</fanart>
<imdb>6.1</imdb>
<darsteller> Kuralay Anarbekova [Korlan] | Aliya Anuarbek [] | Aliya Telebarisova [Zere] | Assylkhan Tolepov [Sartay] | Asylkhan Tolepov [] | Ayan Utebergen [] | Ayan Utepbergenov [Taimas]</darsteller>
<plot>Im 17. Jahrhundert marodieren wieder einmal Mongolen durch die Steppe der Kasachen und treiben die friedlichen Hirten mit ihren Frauen und Kindern in die unwirtlichen Berge, wo sich schnell Widerstandsnester bilden. Die jungen Krieger Sartai und Taimas sind Freunde seit Kindheitstagen. Sie beschließen, auf die diplomatische Bemühungen der Alten zu pfeifen, und reiten hinab, um die Mongolen zu treffen, wo immer sich eine Gelegenheit dazu bietet. Bald schließen sich andere Rebellen der Gruppe an, und ihr Kampf zeigt Wirkung.</plot>
<fsk></fsk>
<code></code>
<trailer></trailer>
</item>
<item>
<title>Breaking Dawn - Bis(s) zum Ende der Nacht - Teil 2</title>
<link>http://vidplay.net/qqg2ygujeo0w</link>
<link>http://www.mightyupload.com/embed-1syrbsvlw2hf-645x353.html</link>
<thumbnail>http://www.moviemaze.de/filme/4838/poster_lg01.jpg</thumbnail>
<fanart>http://d3gtl9l2a4fn1j.cloudfront.net/t/p/original/7L6wIguZewE9FhqOUoPPZ7jaMdV.jpg</fanart>
<imdb>5.8</imdb>
<darsteller> Kristen Stewart [Bella Swan] | Robert Pattinson [Edward Cullen] | Taylor Lautner [Jacob Black] | Peter Facinelli [Dr. Carlisle Cullen] | Elizabeth Reaser [Esme Cullen] | Ashley Greene [Alice Cullen] | Jackson Rathbone [Jasper Hale] | Kellan Lutz [Emmett Cullen] | Nikki Reed [Rosalie Hale] | Billy Burke [Charlie Swan]</darsteller>
<plot>Bellas Schicksal ist durch die traumatische Geburt ihrer Tochter Renesmee besiegelt: Um ihr Leben zu erhalten wurde sie von Edward zum Vampir verwandelt. Während sie ihre Transformation genießt und von den Cullens und ihrem Ehemann für ihre neu gewonnene Schönheit und Schnelligkeit bewundert wird, ist das Schicksal von Jacob und ihrer außergewöhnlichen Tochter Renesmee mehr und mehr verknüpft. Aber schon bald taucht eine schreckliche Bedrohung auf: Die furchterregenden Anführer des Volturi-Clans wollen den Tod der Kleinen. Als die Cullens von diesem grausamen Plan erfahren, versammeln sie all ihre Freunde um sich, um für den unerwünschten Besuch gerüstet zu sein. In einer schicksalsträchtigen Schlacht entscheidet sich die Zukunft der Cullens, ihrer Freunde und der Werwölfe. Werden sie – vereint in ihrer Macht – die Volturis besiegen können?</plot>
<fsk></fsk>
<code></code>
<trailer></trailer>
</item>
<item>
<title>Duell der Magier</title>
<link>http://180upload.com/ywv92rxccrql</link>
<link>http://www.mightyupload.com/embed-3apjdjru7ar8-645x353.html</link>
<thumbnail>http://images.cinefacts.de/DuellderMagier-Filmbild-59167.jpg</thumbnail>
<fanart>http://d3gtl9l2a4fn1j.cloudfront.net/t/p/original/v0o9M1us65w1kDQp8Q6KnB5a11s.jpg</fanart>
<imdb></imdb>
<darsteller></darsteller>
<plot>Seit langer Zeit beschützt der große Zaubermeister die Metropole der Moderne vor dem Zugriff des Bösen. Doch im Kampf gegen seinen Erzfeind Maxim Horvath (Alfred Molina) braucht er Unterstützung. Ausgerechnet im etwas linkisch und unauffällig wirkenden Studenten Dave Stutler (Jay Baruchel) glaubt er sie gefunden zu haben. Denn der vermeintlich durchschnittliche Dave besitzt das große Potenzial, endlich Blakes seit langem gesuchter Zauberlehrling zu werden. Ungläubig und widerwillig lässt sich Dave auf das größte Abenteuer seines Lebens ein. Während er Manhattan mit anderen Augen zu sehen beginnt - voller fantastischer Entdeckungen, aber auch neuer Gefahren - lernt Dave in einem harten Crashkurs die Kunst der Zauberei. Die Zeit drängt, die Kräfte des Bösen formieren sich, und Dave muss über sich hinauswachsen, um sein Training zu überleben, die Stadt zu retten und das Mädchen seiner Träume zu erobern...</plot>
<fsk></fsk>
<code></code>
<trailer></trailer>
</item>
<item>
<title>Life of Pi</title>
<link>http://180upload.com/8pvsse5ta64q</link>
<link>http://www.mightyupload.com/embed-oy2mcowx3fl1-645x353.html</link>
<thumbnail>http://images.cinefacts.de/thumbs/LifeofPi-SchiffbruchmitTiger-Filmbild-215781.jpg</thumbnail>
<fanart>http://d3gtl9l2a4fn1j.cloudfront.net/t/p/original/tk159LPfy69zSHw4dabehfAaJXi.jpg</fanart>
<imdb></imdb>
<darsteller> Suraj Sharma [Pi Patel] | Irrfan Khan [Adult Pi Patel] | Ayush Tandon [Pi Patel (11 / 12 Years)] | Gautam Belur [Pi Patel (5 Years)] | Adil Hussain [Santosh Patel] | Tabu [Gita Patel] | Ayan Khan [Ravi Patel (7 Years)] | Mohd Abbas Khaleeli [Ravi Patel (13 / 14 Years)] | Vibish Sivakumar [Ravi Patel (18 / 19 Years)] | Rafe Spall [Writer]</darsteller>
<plot></plot>
<fsk></fsk>
<code></code>
<trailer></trailer>
</item>
<item>
<title>Asterix &amp; Obelix - Im Auftrag Ihrer Majestät</title>
<link>http://180upload.com/aqvw7mny4tt8</link>
<link>http://www.mightyupload.com/embed-8u0pr9u84b2j-645x353.html</link>
<thumbnail>http://images.cinefacts.de/thumbs/AsterixObelixImAuftragIhrerMajestt-Filmbild-228763.jpg</thumbnail>
<fanart></fanart>
<imdb>5.4</imdb>
<darsteller></darsteller>
<plot></plot>
<fsk></fsk>
<code></code>
<trailer></trailer>
</item>
<item>
<title>Der Hobbit - Eine unerwartete Reise</title>
<link>http://180upload.com/snd81fwk23ly</link>
<link>http://www.mightyupload.com/embed-v2b1wdmvsk4w-645x353.html</link>
<thumbnail>http://images.cinefacts.de/DerHobbitEineunerwarteteReise-Filmbild-228527.jpg</thumbnail>
<fanart>http://d3gtl9l2a4fn1j.cloudfront.net/t/p/original/LXNMeisGBRDMERehjNQDnz9qKI.jpg</fanart>
<imdb></imdb>
<darsteller> Ian McKellen [Gandalf] | Martin Freeman [Bilbo] | Richard Armitage [Thorin] | Ken Stott [Balin] | Graham McTavish [Dwalin] | William Kircher [Bifur / Tom Troll] | James Nesbitt [Bofur] | Stephen Hunter [Bombur] | Dean O'Gorman [Fili] | Aidan Turner [Kili]</darsteller>
<plot>Die Geschichte beginnt mit den 13 Zwergen unter der Führung des grüblerischen Thorin Eichenschild (Richard Armitage), die bei dem ahnungslosen Hobbit Bilbo Beutlin (Martin Freeman) in seinem Dorf Beutelsend einfallen. Gemeinsam mit dem Zauberer Gandalf (Ian McKellen) wollen sie ihre alte Heimatfestung zurückerobern, aus der sie einst der furchtbare Drache Smaug vertrieb. Doch ein Meisterdieb fehlt noch im Trupp. Und als diesen hat Gandalf ausgerechnet den arglosen Bilbo auserkoren, der sich der Gruppe nach einigem Zögern anschließt. Doch zwischen den Zwergen und ihrem Zuhause steht ein langer Weg durch Mittelerde, durch sterbende, verwunschene Wälder und über Schwindel erregende Gipfel. Und auch Thorins alter Erzfeind, ein tot geglaubter Ork-Häuptling, wird auf die Abenteurer aufmerksam.</plot>
<fsk></fsk>
<code></code>
<trailer></trailer>
</item>
<item>
<title>Wickie auf großer Fahrt</title>
<link>http://180upload.com/av3a2xgxovcm</link>
<link>http://www.mightyupload.com/embed-ex2a49k5lcjp-645x353.html</link>
<thumbnail>http://images.cinefacts.de/thumbs/WickieaufgroerFahrt-Filmbild-83041.jpg</thumbnail>
<fanart></fanart>
<imdb>5.6</imdb>
<darsteller></darsteller>
<plot>Wann wird aus dem kleinen Wickie endlich ein richtiger Wikinger? Diese Frage lässt seinem Vater Halvar keine Ruhe. Doch als der Schreckliche Sven den Häuptling von Flake entführt, schlägt unverhofft Wickies große Stunde. Als stellvertretender Häuptling führt er die Starken Männer Tjure, Snorre, Urobe, Gorm, Ulme und Faxe an und bekommt dabei Unterstützung von der furchtlosen Svenja. Sie nehmen Kurs aufs Kap der Angst und gelangen nach turbulenten Abenteuern zu Svens Burg, aus der Halvar befreit werden muss. Die größte Aufgabe steht den Wikingern aber noch bevor: Über stürmische Ozeane, tropische Strände und durch gefährliche Eiswüsten machen sie sich auf die Suche nach dem sagenumwobenen Schatz der Götter. Auch der Schreckliche Sven setzt alles daran, ihn zu bekommen, aber Wickie wäre nicht Wickie, wenn er dies nicht mit schlauen Einfällen zu verhindern wüsste.</plot>
<fsk></fsk>
<code></code>
<trailer></trailer>
</item>
<item>
<title>Auf den Spuren des Marsupilami</title>
<link>http://180upload.com/e6xlwzyvoa48</link>
<link>http://www.mightyupload.com/embed-3o787sapvcqr-645x353.html</link>
<thumbnail>http://images.cinefacts.de/thumbs/Auf_den_Spuren_des_Marsupilami_DVD_cover.jpg</thumbnail>
<fanart>http://d3gtl9l2a4fn1j.cloudfront.net/t/p/original/nMYuRLxNtj1PFIgyxjlLuzqQq1B.jpg</fanart>
<imdb>5.5</imdb>
<darsteller></darsteller>
<plot></plot>
<fsk></fsk>
<code></code>
<trailer></trailer>
</item>
<item>
<title>Vorstadtkrokodile 3</title>
<link>http://180upload.com/mt3lj2vjnkfl</link>
<link>http://www.mightyupload.com/embed-691ztoywfaxc-645x353.html</link>
<thumbnail>http://images.cinefacts.de/thumbs/Vorstadtkrokodile3-Filmbild-85637.jpg</thumbnail>
<fanart>http://d3gtl9l2a4fn1j.cloudfront.net/t/p/original/wFuaWq4pKBz9ADY9V5yAQ2EzxlT.jpg</fanart>
<imdb>5.2</imdb>
<darsteller></darsteller>
<plot>Die Vorstadtkrokodile feiern Hannes’ (Nick Romeo Reimann) 13. Geburtstag und den Start in einen grandiosen Sommer: Aus der Kinderbande haben sich selbstbewusste Jugendliche entwickelt, die trotz unterschiedlicher Interessen wie Pech und Schwefel zusammenhalten. Kai (Fabian Halbig) fährt ins Basketball-Camp und Olli (Manuel Steitz) mit seiner Freundin in den Urlaub, während der Rest der Truppe alias Hannes, Maria (Leonie Tepe), Frank (David Hürten), Jorgo (Javidan Imani) und Peter (Robin Walter) mit halsbrecherischem Tempo über die Kart-Bahn heizen. Da passiert ein dramatischer Unfall: Frank wird mit Blaulicht ins Krankenhaus transportiert und schwebt in Lebensgefahr: Wenn nicht bald eine Spenderleber gefunden wird, muss Frank sterben. Einziger möglicher Spender ist sein Bruder Dennis (Jacob Matschenz) – doch der sitzt mit seinem Einbruchs-Kumpel Kevin (Axel Stein) im Gefängnis. Die Zeit rennt, aber ein Krokodil gibt niemals auf! Mit Hilfe von Vorstadtkrokodil Jenny (Ella-Maria Gollmer) und Hannes’ Mutter (Nora Tschirner) schmiedet die Bande einen unkonventionellen Plan …</plot>
<fsk></fsk>
<code></code>
<trailer></trailer>
</item>
<item>
<title>Into the Wild</title>
<link>http://180upload.com/pp9rfy6p3lkc</link>
<link>http://www.mightyupload.com/embed-i9tklh6gqqew-645x353.html</link>
<thumbnail>http://images.cinefacts.de/thumbs/IntotheWild-Filmbild-49422.jpg</thumbnail>
<fanart>http://d3gtl9l2a4fn1j.cloudfront.net/t/p/original/9yJehIjvR7ULOLxeDJoth4kDDNe.jpg</fanart>
<imdb></imdb>
<darsteller> Emile Hirsch [Chris McCandless] | Marcia Gay Harden [Billie McCandless] | William Hurt [Walt McCandless] | Jena Malone [Carine McCandless / Additional Narrator] | Brian H. Dierker [Rainey (as Brian Dierker)] | Catherine Keener [Jan Burres] | Vince Vaughn [Wayne Westerberg] | Kristen Stewart [Tracy Tatro] | Hal Holbrook [Ron Franz] | </darsteller>
<plot></plot>
<fsk></fsk>
<code></code>
<trailer></trailer>
</item>
<item>
<title>Django Unchained</title>
<link>http://180upload.com/7rm5zsektivk</link>
<link>http://www.mightyupload.com/embed-rgjovhizg3p0-645x353.html</link>
<thumbnail>http://images.cinefacts.de/thumbs/DjangoUnchained-Hauptplakat.jpg</thumbnail>
<fanart>http://d3gtl9l2a4fn1j.cloudfront.net/t/p/original/qUcmEqnzIwlwZxSyTf3WliSfAjJ.jpg</fanart>
<imdb>8.6</imdb>
<darsteller> Jamie Foxx [Django] | Christoph Waltz [Dr. King Schultz] | Leonardo DiCaprio [Calvin Candie] | Kerry Washington [Broomhilda von Schaft] | Samuel L. Jackson [Stephen] | Walton Goggins [Billy Crash] | Dennis Christopher [Leonide Moguy] | James Remar [Butch Pooch / Ace Speck] | David Steen [Mr. Stonesipher] | Dana Michelle Gourrier [Cora (as Dana Gourrier)]</darsteller>
<plot>Der deutsche Kopfgeldjäger Dr. King Schultz (Christoph Walz) befreit den Sklaven Django (Jamie Foxx) aus der Gefangenschaft und macht ihn zu seinem Kompagnon. Django ist der Einzige, der die Identität der Brittle Brothers, eine Verbrecherbande, kennt und die Schultz zur Strecke bringen muss. Im Gegenzug will Schultz Django helfen, wieder mit seiner Braut Broomhilda vereint zu werden, die auf der Plantage des reichen Calvin Candie (Leonardo DiCaprio) arbeitet. Unter dem Vorwand, Sklaven für Schaukämpfe erstehen zu wollen, erschleichen sich Schultz und Django Candies Vertrauen. Doch ihr Plan geht nicht so auf, wie erhofft ..</plot>
<fsk>16</fsk>
<code></code>
<trailer></trailer>
</item>
<item>
<title>Jurassic Park 1</title>
<link>http://vidplay.net/st3z5au9kb8o</link>
<link>http://www.mightyupload.com/embed-syh1qgwomh2w-645x353.html</link>
<thumbnail>http://images.cinefacts.de/thumbs/-Cover-230628.jpg</thumbnail>
<fanart>http://d3gtl9l2a4fn1j.cloudfront.net/t/p/original/yKHpOFx6F8C2HPKMQPNiN02tM96.jpg</fanart>
<imdb></imdb>
<darsteller> Sam Neill [Dr. Alan Grant] | Laura Dern [Dr. Ellie Sattler] | Jeff Goldblum [Dr. Ian Malcolm] | Richard Attenborough [John Hammond] | Bob Peck [Robert Muldoon] | Martin Ferrero [Donald Gennaro] | Joseph Mazzello [Tim Murphy] | Ariana Richards [Lex Murphy] | Samuel L. Jackson [Ray Arnold] | BD Wong [Henry Wu (as B. D. Wong)]</darsteller>
<plot>Ein reicher Unternehmer errichtet auf einer einsamen Insel heimlich einen Erlebnispark, der für seine Gäste außergewöhnliche Attraktionen bereithält. Es gelang ihm, aus einer urzeitlichen DNA leibhaftige Dinosaurier ins Leben zu rufen. Bevor der Park für das Publikum geöffnet wird, lädt er einen führenden Paläontologen, dessen Freundin, eine Paläobotanikerin, einen berühmten Mathematiker und seine beiden wissbegierigen Enkel ein, um die besorgten Investoren zu beruhigen. Aber der Besuch seiner ersten Gäste verläuft alles andere als nach Plan. Die urzeitlichen Monster brechen aus, entziehen sich jeder Kontrolle und starten eine mörderische Jagd auf ihre Schöpfer ...</plot>
<fsk></fsk>
<code></code>
<trailer></trailer>
</item>
<item>
<title>Jurassic Park 2</title>
<link>http://vidplay.net/z1b8qljarptf</link>
<link>http://www.mightyupload.com/embed-rcpz8fh49ttu-645x353.html</link>
<thumbnail>http://images.cinefacts.de/thumbs/JurassicPark2VergesseneWelt-Filmbild-8979.jpg</thumbnail>
<fanart>http://d3gtl9l2a4fn1j.cloudfront.net/t/p/original/eJzGHgA9EsIYoTUP4wc6qlbKSv3.jpg</fanart>
<imdb></imdb>
<darsteller> Jeff Goldblum [Ian Malcolm] | Julianne Moore [Sarah Harding] | Pete Postlethwaite [Roland Tembo] | Arliss Howard [Peter Ludlow] | Richard Attenborough [John Hammond] | Vince Vaughn [Nick Van Owen] | Vanessa Lee Chester [Kelly Curtis] | Peter Stormare [Dieter Stark] | Harvey Jason [Ajay Sidhu] | Richard Schiff [Eddie Carr]</darsteller>
<plot>Vor einigen Jahren fand der Risikounternehmer John Hammond heraus, wie man Dinosaurier aus DNA-Fragmenten, die in Bernstein eingeschlossen waren, wieder zum Leben erweckt. Er gründete ein Unternehmen namens InGen, das die genmanipulierten Dinosaurier in einem Themenpark auf einer Insel in Costa Rica aussetzte. Die Systeme des Pade für die Öffentlichkeit gesperrt. Nach diesem Vorfall verschwanden alle Beteiligten, und die Geschichte wurde totgeschwiegen. InGen wollte seine Haftung in Grenzen halten, und die Regierung von Costa Rica wollte den guten Ruf des Touristenparadieses nicht gefährden. Die Wissenschaftler, die als Berater des Projekts fungiert hatten, wurden vertraglich zum Stillschweigen verpflichtet. Aber Dr. Ian Malcolm kann nicht vergessen, und er findet heraus, daß Etwas die unbemerkt gebliebene Katastrophe von Jurassic Park überlebt hat...</plot>
<fsk></fsk>
<code></code>
<trailer></trailer>
</item>
<item>
<title>Jurassic Park 3</title>
<link>http://vidplay.net/kv5uus7u4vtq</link>
<link>http://www.mightyupload.com/embed-jh3dr7q8x2js-645x353.html</link>
<thumbnail>http://images.cinefacts.de/thumbs/JurassicPark3-Filmbild-14838.jpg</thumbnail>
<fanart>http://d3gtl9l2a4fn1j.cloudfront.net/t/p/original/ts2N9e5NUn17fTuGT1aGJeRYmfu.jpg</fanart>
<imdb></imdb>
<darsteller></darsteller>
<plot>Das Abenteuer geht weiter! Der bekannte Paläontologe Dr. Alan Grant erklärt sich bereit, einen reichen Abenteurer und seine Frau auf einem Flug über die Isla Sorna, der ehemaligen Zuchtstation für prähistorische Tiere der Firma InGen, zu begleiten. Nach einer spektakulären Notlandung muss Dr. Grant entdecken, dass er von seinen Gastgebern enttäuscht wurde und dass die "Bewohner" der Insel intelligenter, schneller und furcherregender sind, als er es sich je hätte träumen lassen...</plot>
<fsk></fsk>
<code></code>
<trailer></trailer>
</item>
<item>
<title>Gwyn - Prinzessin der Diebe</title>
<link>http://180upload.com/wk8mqmod2gs0</link>
<link>http://www.mightyupload.com/embed-aawzq01r0eby-645x353.html</link>
<thumbnail>http://images.cinefacts.de/thumbs/GwynPrinzessinderDiebe-Cover-212326.jpg</thumbnail>
<fanart>http://d3gtl9l2a4fn1j.cloudfront.net/t/p/original/apzI7Ef0RJxde5OmF693LFOBifd.jpg</fanart>
<imdb></imdb>
<darsteller> Hannah Cresswell [Marian (voice)] | David Barrass [Cardaggian] | Malcolm McDowell [Sheriff of Nottingham] | Keira Knightley [Gwyn] | Del Synnott [Froderick] | Stuart Wilson [Robin of Locksley] | Crispin Letts [Will Scarlett] | Roger Ashton-Griffiths [Friar Tuck] | Jonathan Hyde [Prince John] | Adam Ryan [Conrad]</darsteller>
<plot>Die englische Krone ist in Gefahr! Nun, wo König Richard gestorben ist, streckt ausgerechnet der gemeine Prinz John (Jonathan Hyde) seine Finger nach der Krone aus. Schon einmal konnte Robin Hood (Stuart Wilson) dieses verhindern. Doch dank der Mithilfe des finsteren Sheriffs von Nottingham (Malcolm McDowell) sitzt er nun im Kerker. Ist das Königreich verloren? Prinz Phillip (Stephen Moyer), der rechtmäßige Erbe, traut sich nicht, seinem Onkel die Stirn zu bieten. Da kommt ein junger Mann daher, der entschlossen ist, das Schicksal zu wenden. Wer kann das sein, so wagemutig und unerschrocken, wie einst Robin Hood solchen Abenteuern heraushalten sollten. Nachdem sie den mutlosen Prinz Phillip überzeugt hat, sich seinen Feinden zu stellen, machen sich beide auf in den Kampf. Schließlich gilt es ja nicht nur, die Krone zu sichern, sondern auch einen alten Helden zu befreien...</plot>
<fsk></fsk>
<code></code>
<trailer></trailer>
</item>
<item>
<title>The Brothers Bloom</title>
<link>http://vidplay.net/dh74l9sn7538</link>
<link>http://www.mightyupload.com/embed-8qumz28fe323-645x353.html</link>
<thumbnail>http://images.cinefacts.de/thumbs/BrothersBloom-Cover-190776.jpg</thumbnail>
<fanart>http://d3gtl9l2a4fn1j.cloudfront.net/t/p/original/cKTpfaao3g9rdW4imF34tpd3Dio.jpg</fanart>
<imdb></imdb>
<darsteller> Rachel Weisz [Penelope] | Adrien Brody [Bloom] | Mark Ruffalo [Stephen] | Rinko Kikuchi [Bang Bang] | Robbie Coltrane [Curator] | Maximilian Schell [Diamond Dog] | Ricky Jay [Narrator (voice)] | Zachary Gordon [Young Bloom] | Max Records [Young Stephen] | Andy Nyman [Charleston]</darsteller>
<plot>Schon seit ihrer Kindheit hielten sich die Brüder Bloom nicht an Regeln und zogen ihren Mitschülern das Geld mit allerlei Finessen aus der Tasche. Dabei mimt der Jüngere stets den romantischen Lockvogel, während Stephen im Hintergrund agiert. Nachdem sie der russische Gauner Diamond Dog unter die Fittiche nahm, stiegen die Brüder zu international operierenden Trickbetrügern auf. Als der melancholische Bloom aussteigen will, überredet ihn sein Bruder zu einem letzten großen Coup. In der attraktiven Millionenerbin Penelope finden die Gauner das perfekte Opfer. Schneller als erwartet geht die exzentrische Schöne auf die Offerte einer langen gemeinsamen Reise ein und wird sogar zur unerwarteten Verbündeten. Bald erliegt Bloom ihren Reizen, doch der plötzlich auftauchende, undurchsichtige „Kurator“stört die Harmonie durch ein mysteriöses Angebot.</plot>
<fsk></fsk>
<code></code>
<trailer></trailer>
</item>
<item>
<title>Die Mumie 3 - Das Grabmal des Drachenkaisers</title>
<link>http://180upload.com/3v9b4ug7n9w7</link>
<link>http://www.mightyupload.com/embed-lveml64x4dhn-645x353.html</link>
<thumbnail>http://images.cinefacts.de/thumbs/DieMumieDasGrabmaldesDrachenkaisers-Filmbild-42276.jpg</thumbnail>
<fanart>http://d3gtl9l2a4fn1j.cloudfront.net/t/p/original/69N3tZpynGQpds4Cu199Xco0lpT.jpg</fanart>
<imdb>5.2</imdb>
<darsteller> Brendan Fraser [Rick O'Connell] | Jet Li [Emperor] | Maria Bello [Evelyn O'Connell] | John Hannah [Jonathan Carnahan] | Michelle Yeoh [Zi Yuan] | Luke Ford [Alex O'Connell] | Isabella Leong [Lin] | Anthony Wong Chau-Sang [General Yang (as Chau Sang Anthony Wong)] | Russell Wong [Ming Guo] | Liam Cunningham [Maguire]</darsteller>
<plot>Nachdem sich das Archäologen-Ehepaar Rick (Brendan Fraser) und Evelyn O'Connell (Maria Bello) zwei Mal mit untoten Mumien rumgeschlagen hat, ist die Zeit der Abenteuer nun vorbei. Ihr erwachsener Sohn Alex (Luke Ford) aber will an die wilde Zeit seiner Eltern anknüpfen und geht deswegen lieber heimlich nach China, anstatt in England zu studieren. Dort stößt er bei Ausgrabungen auf das Grab des legendären Drachenkaisers Han. </plot>
<fsk>12</fsk>
<code></code>
<trailer></trailer>
</item>
<item>
<title>Harry Potter und die Heiligtümer des Todes - Teil 1</title>
<link>http://vidplay.net/5x1tec3m1fix</link>
<link>http://www.mightyupload.com/embed-d17dk2cf910m-645x353.html</link>
<thumbnail>http://images.cinefacts.de/thumbs/HarryPotterunddieHeiligtmerdesTodesTeil1-Cover-230221.jpg</thumbnail>
<fanart></fanart>
<imdb></imdb>
<darsteller> Bill Nighy [Minister Rufus Scrimgeour] | Emma Watson [Hermione Granger] | Richard Griffiths [Vernon Dursley] | Harry Melling [Dudley Dursley] | Daniel Radcliffe [Harry Potter] | Julie Walters [Molly Weasley] | Bonnie Wright [Ginny Weasley] | Rupert Grint [Ron Weasley] | </darsteller>
<plot></plot>
<fsk></fsk>
<code></code>
<trailer></trailer>
</item>
<item>
<title>Harry Potter und die Heiligtümer des Todes - Teil 2</title>
<link>http://vidplay.net/6s53dpck6fh7</link>
<link>http://www.mightyupload.com/embed-goe6gxzrw9s4-645x353.html</link>
<thumbnail>http://images.cinefacts.de/thumbs/HarryPotterunddieHeiligtmerdesTodesTeil2-Cover-230223.jpg</thumbnail>
<fanart></fanart>
<imdb></imdb>
<darsteller></darsteller>
<plot></plot>
<fsk></fsk>
<code></code>
<trailer></trailer>
</item>
<item>
<title>Fluch der Karibik 1</title>
<link>http://180upload.com/1u2t759egzcs</link>
<link>http://www.mightyupload.com/embed-3felnwqhfchl-645x353.html</link>
<thumbnail>http://images.cinefacts.de/thumbs/FluchderKaribik-Filmbild-22768.jpg</thumbnail>
<fanart>http://d3gtl9l2a4fn1j.cloudfront.net/t/p/original/mHJGMcd1oJoj3X33ZYkvMvroP2N.jpg</fanart>
<imdb></imdb>
<darsteller> Johnny Depp [Jack Sparrow] | Geoffrey Rush [Barbossa] | Orlando Bloom [Will Turner] | Keira Knightley [Elizabeth Swann] | Jack Davenport [Norrington] | Jonathan Pryce [Governor Weatherby Swann] | Lee Arenberg [Pintel] | Mackenzie Crook [Ragetti] | Damian O'Hare [Lt. Gillette] | </darsteller>
<plot></plot>
<fsk></fsk>
<code></code>
<trailer></trailer>
</item>
<item>
<title>Fluch der Karibik 2</title>
<link>http://180upload.com/2modt94th9mm</link>
<link>http://www.mightyupload.com/embed-ha03opzopzrm-645x353.html</link>
<thumbnail>http://images.cinefacts.de/thumbs/PiratesoftheCaribbean-FluchderKaribik2-Filmbild-33673.jpg</thumbnail>
<fanart>http://d3gtl9l2a4fn1j.cloudfront.net/t/p/original/hdHgIcljPHli4xaJGt0INz8Gn3J.jpg</fanart>
<imdb></imdb>
<darsteller> Johnny Depp [Jack Sparrow] | Orlando Bloom [Will Turner] | Keira Knightley [Elizabeth Swann] | Jack Davenport [Norrington] | Bill Nighy [Davy Jones] | Jonathan Pryce [Governor Weatherby Swann] | Lee Arenberg [Pintel] | Mackenzie Crook [Ragetti] | Kevin McNally [Gibbs (as Kevin R. McNally)] | David Bailie [Cotton]</darsteller>
<plot></plot>
<fsk></fsk>
<code></code>
<trailer></trailer>
</item>
<item>
<title>Schatzritter und das Geheimnis von Melusina</title>
<link>http://180upload.com/9lt7le3yltym</link>
<link>http://www.mightyupload.com/embed-8bwdniic26nf-645x353.html</link>
<thumbnail>http://i.imagebanana.com/img/pdf6eox8/Schatzritter.jpg</thumbnail>
<fanart>http://d3gtl9l2a4fn1j.cloudfront.net/t/p/original/aJfmVPf3JUUFtsnOF4iK4KdgIvn.jpg</fanart>
<imdb>4.9</imdb>
<darsteller></darsteller>
<plot>Der elfjährige Jeff (Anton Glas) wohnt mit seinem Vater auf einem Campingplatz am Rande einer alten Bergruine, die im Besitz der eigenen Familie ist. Nachdem die Mutter sieben Jahre zuvor auf mysteriöse Art und Weise verstorben ist, sind sie fern jeglichen Trubels aufs Land gezogen, wo sich Jeff allmählich einsam fühlt. Hinzu kommt, dass sein übertrieben fürsorglicher Vater ihm auch noch alles verbietet, was Spaß macht. Als endlich die Sommerferien beginnen, freut sich Jeff auf ein Wiedersehen mit seinen Freunden, die jedes Jahr auf dem Campingplatz Urlaub mit deren Familien machen. Sogleich stürzt sich die Bande in ein gefährliches Abenteuer, als sie auf einen Hinweis der verstorbenen Mutter von Jeff stoßen. Sie erfahren nämlich, dass seit über 1000 Jahren der legendäre Schatz der Jungfrau Melusina irgendwo in den Flüssen Luxemburgs versteckt sein soll. So machen sie sich auf die Suche nach der sagenumwobenen Kostbarkeit. Die ist jedoch nicht ganz ungefährlich, denn der unheimliche Duc de Barry (Clemens Schick) ist ihnen mit seiner finsteren Gefolgschaft schon auf den Spuren. So führt die Jagd der Schatzsucher durch Kirchen, Museen, Schlösser, Wälder und Flüsse, die einige Überraschungen und verzwickte Prüfungen für die abenteuerlichen Knirpse bereithalten.</plot>
<fsk>6</fsk>
<code></code>
<trailer></trailer>
</item>
<item>
<title>Kauwboy Kleiner Vogel grosses Glück</title>
<link>http://vidplay.net/8u6bdzoy3962</link>
<link>http://www.mightyupload.com/embed-j2c4velm3sxt-645x353.html</link>
<thumbnail>http://i.imagebanana.com/img/mt78ewo7/Kauwboys.jpg</thumbnail>
<fanart></fanart>
<imdb></imdb>
<darsteller></darsteller>
<plot></plot>
<fsk></fsk>
<code></code>
<trailer></trailer>
</item>
<item>
<title>Das Dschungelbuch 1994</title>
<link>http://180upload.com/8skbdrv2u1zq</link>
<link>http://www.mightyupload.com/embed-pkbrjyrclg6o-645x353.html</link>
<thumbnail>http://i.imagebanana.com/img/088t7ryv/DasDschungelbuch.jpg</thumbnail>
<fanart>http://d3gtl9l2a4fn1j.cloudfront.net/t/p/original/jpEds42aUjPnRkbCCHd5lTGLZIl.jpg</fanart>
<imdb>5.8</imdb>
<darsteller> Jason Scott Lee [Mowgli] | Cary Elwes [Captain William Boone] | Lena Headey [Katherine 'Kitty' Brydon] | Sam Neill [Colonel Geofferey Brydon] | John Cleese [Dr. Julien Plumford] | Jason Flemyng [Lt. John Wilkins] | Stefan Kalipha [Buldeo] | Ron Donachie [Sgt. Harley] | Anirudh Agarwal [Tabaqui (as Anirudh Agrawal)] | Faran Tahir [Nathoo]</darsteller>
<plot>Tief im indischen Dschungel ist der mächtige Tiger Shir Khan der Herr über Leben und Tod. Als Shir Khan eines Nachts das Camp eines britischen Soldatentrupps angreift, kommt es zu einer großen Panik, bei der ein kleiner Inderjunge namens Mogli aus der schützenden Gemeinschaft gerissen und im Dschungel verschwindet. So beginnt Moglis unglaubliches Abenteuer. Er wird von Tieren aufgezogen und muß, zum Mann herangewachsen, mit seinen Freunden Baghira, dem Panther, dem Bären Balu und dem Wolf "Grauer Bruder" den Dschungel gegen den Tiger Shir Khan und die gierige Zivilisation verteidigen.</plot>
<fsk>6</fsk>
<code></code>
<trailer></trailer>
</item>
<item>
<title>Stargate - The Ark of Truth: Quelle der Wahrheit</title>
<link>http://180upload.com/ro3zsa66fy95</link>
<link>http://www.mightyupload.com/embed-se5qxxod3qgb-645x353.html</link>
<thumbnail>http://images.cinefacts.de/thumbs/StargateTheArkofTruthQuellederWahrheit-Cover-171767.jpg</thumbnail>
<fanart>http://d3gtl9l2a4fn1j.cloudfront.net/t/p/original/pwpj0wNImWLCZJNRb8mxL6SfcvI.jpg</fanart>
<imdb></imdb>
<darsteller> Ben Browder [Lt. Col. Cameron Mitchell] | Amanda Tapping [Lt. Col. Samantha Carter] | Christopher Judge [Teal'c] | Michael Shanks [Dr. Daniel Jackson] | Beau Bridges [Mjr. Gen. Henry Landry] | Claudia Black [Vala Mal Doran] | Currie Graham [James Marrick] | Morena Baccarin [Adria] | Tim Guinee [Tomin] | Julian Sands [Doci]</darsteller>
<plot></plot>
<fsk></fsk>
<code></code>
<trailer></trailer>
</item>
<item>
<title>127 Hours</title>
<link>http://180upload.com/1h73twjd3emt</link>
<link>http://www.mightyupload.com/embed-q7ccbjouqk84-645x353.html</link>
<thumbnail>http://images.cinefacts.de/thumbs/127Hours-Cover-210458.jpg</thumbnail>
<fanart>http://d3gtl9l2a4fn1j.cloudfront.net/t/p/original/eHUoB8NbvrvKp7KQMNgvc7yLpzM.jpg</fanart>
<imdb></imdb>
<darsteller> James Franco [Aron Ralston] | Kate Mara [Kristi] | Amber Tamblyn [Megan] | Sean Bott [Aron's Friend (as Sean A. Bott)] | Koleman Stinger [Aron Age 5] | Treat Williams [Aron's Dad] | John Lawrence [Brian] | Kate Burton [Aron's Mom] | Bailee Michelle Johnson [Sonja Age 10] | Parker Hadley [Aron Age 15]</darsteller>
<plot></plot>
<fsk></fsk>
<code></code>
<trailer></trailer>
</item>
<item>
<title>Der Adler der Neunten Legion</title>
<link>http://180upload.com/0str1iwzj8g4</link>
<link>http://www.mightyupload.com/embed-f2wiugv9fml2-645x353.html</link>
<thumbnail>http://images.cinefacts.de/thumbs/DerAdlerderNeuntenLegion-Cover-206353.jpg</thumbnail>
<fanart>http://d3gtl9l2a4fn1j.cloudfront.net/t/p/original/aRL0VSl58stheyPRVDRtgbq1TEx.jpg</fanart>
<imdb></imdb>
<darsteller> Channing Tatum [Marcus Flavius Aquila] | Jamie Bell [Esca] | Donald Sutherland [Uncle Aquila] | Mark Strong [Guern] | Tahar Rahim [Seal Prince] | Denis O'Hare [Lutorius] | Dakin Matthews [Claudius Marcellus] | Douglas Henshall [Cradoc] | Paul Ritter [Galba] | Pip Carter [Servius Placidus]</darsteller>
<plot></plot>
<fsk></fsk>
<code></code>
<trailer></trailer>
</item>
<item>
<title>Master and Commander - Bis ans Ende der Welt</title>
<link>http://180upload.com/s0n89bflcees</link>
<link>http://www.mightyupload.com/embed-fhbdy26ij3h6-645x353.html</link>
<thumbnail>http://images.cinefacts.de/thumbs/MasterandCommander-BisansEndederWelt-Filmbild-23264.jpg</thumbnail>
<fanart>http://d3gtl9l2a4fn1j.cloudfront.net/t/p/original/68sGkVSVxuFw7J9H6sk4GZfYZ1q.jpg</fanart>
<imdb></imdb>
<darsteller> Russell Crowe [Capt. Jack Aubrey] | Paul Bettany [Dr. Stephen Maturin, Surgeon] | James D'Arcy [1st Lt. Tom Pullings] | Edward Woodall [2nd Lt. William Mowett] | Chris Larkin [Capt. Howard, Royal Marines] | Max Pirkis [Blakeney, Midshipman] | Jack Randall [Boyle, Midshipman] | Max Benitz [Calamy, Midshipman] | Lee Ingleby [Hollom, Midshipman] | t:</darsteller>
<plot></plot>
<fsk></fsk>
<code></code>
<trailer></trailer>
</item>
<item>
<title>Siyama Krieger aus einer anderen Zeit</title>
<link>http://180upload.com/px26txx6qjtx</link>
<link>http://www.mightyupload.com/embed-cye625p0ybnp-645x353.html</link>
<thumbnail>http://images.cinefacts.de/thumbs/bilder_dvd_80000_74259_cover_sehrgross74259_4c1a0d911d5cc03bb40e83320e4773e8.jpg</thumbnail>
<fanart>http://d3gtl9l2a4fn1j.cloudfront.net/t/p/original/17SFm7R46dqKWDCKECLLmuhFZIf.jpg</fanart>
<imdb></imdb>
<darsteller> Than Thanakorn [Pray] | Thitima Maliwan [Ana] | Nattanun Jantarawetch [Gift] | Bawriboon Chanreuang [Boat] | Sompob Benjathikul [Khruu Jom] | Viriya Juramakorn [Lung-Tup] | Montri Ketkaew [Luang Putone] | Hassapon Kongsib [Yuntra]</darsteller>
<plot></plot>
<fsk></fsk>
<code></code>
<trailer></trailer>
</item>
<item>
<title>Die fantastische Welt von Oz (2013)</title>
<link>http://180upload.com/o5b2jwh6q9bd</link>
<link>http://www.mightyupload.com/embed-ve7wpiegwmdm-645x353.html</link>
<thumbnail>http://images.cinefacts.de/thumbs/Die-fantastische-Welt-von-Oz-Poster.jpg</thumbnail>
<fanart>http://d3gtl9l2a4fn1j.cloudfront.net/t/p/original/wA0nwUOWJuefKSomVACtdcWx865.jpg</fanart>
<imdb>6.8</imdb>
<darsteller> James Franco [Oz] | Mila Kunis [Theodora] | Rachel Weisz [Evanora] | Michelle Williams [Annie / Glinda] | Zach Braff [Frank / Finley] | Bill Cobbs [Master Tinker] | Joey King [Girl in Wheelchair / China Girl] | Tony Cox [Knuck] | Stephen R. Hart [Winkie General] | Abigail Spencer [May]</darsteller>
<plot>Anfang des 20. Jahrhunderts tourt der Magier Oscar Diggs alias Oz (James Franco) mit einem Wanderzirkus durch Kansas. Ein eifersüchtiger Rivale zwingt den Charmeur zur Flucht im Heißluftballon. Darin trägt ihn ein Wirbelsturm fort ins märchenhafte Land Oz, wo ihn die junge Hexe Theodora (Mila Kunis) willkommen heißt. Sie glaubt, dass er der große Zauberer ist, der laut Prophezeiung das Land wieder vereinen und regieren wird. Dafür muss er die Macht einer bösen Hexe brechen. Sie heißt Glinda (Michelle Williams) – zumindest behauptet das Theodoras schöne Schwester Evanora (Rachel Weisz). Aber wie soll Oz mangels echter Zauberkräfte einen Magierkrieg gewinnen?</plot>
<fsk>6</fsk>
<code></code>
<trailer></trailer>
</item>
<item>
<title>The Dinosaur Project 2012</title>
<link>http://vidplay.net/fsc55qltdvvo</link>
<link>http://www.mightyupload.com/embed-lrcafef8r7gq-645x353.html</link>
<thumbnail>http://s1.directupload.net/images/130530/2p4wjvwh.jpg</thumbnail>
<fanart>http://d3gtl9l2a4fn1j.cloudfront.net/t/p/original/cJT8p80Rau1UWuoGWDbw2T2YYTU.jpg</fanart>
<imdb></imdb>
<darsteller> Richard Dillane [Jonathan Marchant] | Peter Brooke [Charlie Rutherford] | Matt Kane [Luke Marchant (as Matthew Kane)] | Natasha Loring [Liz Draper] | Stephen Jennings [Dave Moore] | Andre Weideman [Pete Van Aarde] | Abena Ayivor [Amara] |</darsteller>
<plot></plot>
<fsk></fsk>
<code></code>
<trailer></trailer>
</item>
<item>
<title>Jack and the Giants 2013</title>
<link>http://180upload.com/2jjcyns4g0hq</link>
<link>http://www.mightyupload.com/embed-c1tmgboz4zqi-645x353.html</link>
<thumbnail>http://images.cinefacts.de/thumbs/Jack-and-The-Giants-Poster01.jpg</thumbnail>
<fanart>http://d3gtl9l2a4fn1j.cloudfront.net/t/p/original/rJw1ecWyu9uoFFmtcYwzeNjZ9yP.jpg</fanart>
<imdb></imdb>
<darsteller> Nicholas Hoult [Jack] | Eleanor Tomlinson [Isabelle] | Ewan McGregor [Elmont] | Stanley Tucci [Roderick] | Eddie Marsan [Crawe] | Ewen Bremner [Wicke] | Ian McShane [King Brahmwell] | Christopher Fairbank [Uncle] | Simon Lowe [Monk] | Mingus Johnston [Bald]</darsteller>
<plot></plot>
<fsk></fsk>
<code></code>
<trailer></trailer>
</item>
<item>
<title>Percy Jackson: Diebe im Olymp</title>
<link>http://vidplay.net/345lu7xg7svp</link>
<link>http://www.mightyupload.com/embed-w8md4stk9e1c-645x353.html</link>
<thumbnail>http://s7.directupload.net/images/130607/sf3p5arw.jpg</thumbnail>
<fanart>http://d3gtl9l2a4fn1j.cloudfront.net/t/p/original/m7SqUuU8QUBJ0vpewt7elckQv1r.jpg</fanart>
<imdb></imdb>
<darsteller> Logan Lerman [Percy Jackson] | Brandon T. Jackson [Grover] | Alexandra Daddario [Annabeth] | Jake Abel [Luke] | Sean Bean [Zeus] | Pierce Brosnan [Mr. Brunner / Chiron] | Steve Coogan [Hades] | Rosario Dawson [Persephone] | Melina Kanakaredes [Athena] | Catherine Keener [Sally Jackson]</darsteller>
<plot></plot>
<fsk></fsk>
<code></code>
<trailer></trailer>
</item>
<item>
<title>Ein Pferd fürs Leben 2013</title>
<link>http://180upload.com/dv25enl1vvmi</link>
<link>http://www.mightyupload.com/embed-elk8oftnvvyc-645x353.html</link>
<thumbnail>http://s7.directupload.net/images/130615/icm55rlf.jpg</thumbnail>
<fanart></fanart>
<imdb></imdb>
<darsteller> Julianne Michelle [Shannon] | Claire Forlani [Christine] | Jason Gedrick [Eric] | Louis Gossett Jr. [Max] | Eric Roberts [Prescott] | Stephen Colletti [Brandon] | Michael Madsen [Dave] | Tom Atkins [Capt. Martin] | Steve Guttenberg [Ed] | Krista Allen [Jessica]</darsteller>
<plot></plot>
<fsk></fsk>
<code></code>
<trailer></trailer>
</item>
<item>
<title>King Kong 2005</title>
<link>http://vidplay.net/dc8yipdw37l4</link>
<link>http://www.mightyupload.com/embed-7uk9wj5gy9w5-645x353.html</link>
<thumbnail>http://images.cinefacts.de/thumbs/KingKong-Filmbild-31441.jpg</thumbnail>
<fanart>http://d3gtl9l2a4fn1j.cloudfront.net/t/p/original/lWnPz1EvXUWMvXK1plZMA1I2XMV.jpg</fanart>
<imdb></imdb>
<darsteller> Naomi Watts [Ann Darrow] | Jack Black [Carl Denham] | Adrien Brody [Jack Driscoll] | Thomas Kretschmann [Captain Englehorn] | Colin Hanks [Preston] | Andy Serkis [Kong / Lumpy] | Evan Parke [Hayes] | Jamie Bell [Jimmy] | Lobo Chan [Choy] | John Sumner [Herb]</darsteller>
<plot></plot>
<fsk></fsk>
<code></code>
<trailer></trailer>
</item>
<item>
<title>Die Abenteuer des Huck Finn 2012</title>
<link>http://vidplay.net/oarbmcpfl9ox</link>
<link>http://www.mightyupload.com/embed-g58w981feti0-645x353.html</link>
<thumbnail>http://images.cinefacts.de/thumbs/bilder_film_70000_63818_plakate_sehrgross63818_9f0bb71410471162eba14ad2dcee5719.jpg</thumbnail>
<fanart>http://d3gtl9l2a4fn1j.cloudfront.net/t/p/original/AqagAexCAvVXyWaod5LGzzgcjle.jpg</fanart>
<imdb></imdb>
<darsteller></darsteller>
<plot></plot>
<fsk></fsk>
<code></code>
<trailer></trailer>
</item>
<item>
<title>A.I. - Künstliche Intelligenz</title>
<link>http://vidplay.net/00xwslevlgmr</link>
<link>http://www.mightyupload.com/embed-87bpbi6xcda8-645x353.html</link>
<thumbnail>http://www.bilder-upload.eu/upload/87bfb6-1372601481.jpg</thumbnail>
<fanart></fanart>
<imdb></imdb>
<darsteller> Haley Joel Osment [David] | Frances O'Connor [Monica Swinton] | Sam Robards [Henry Swinton] | Jake Thomas [M Sussman [Supernerd] | Tom Gallop [Supernerd]</darsteller>
<plot></plot>
<fsk></fsk>
<code></code>
<trailer></trailer>
</item>
<item>
<title>The Hunter</title>
<link>http://vidplay.net/i06j7ijy9yog</link>
<link>http://www.mightyupload.com/embed-c4udy9a1vwpo-645x353.html</link>
<thumbnail>http://s1.directupload.net/images/130730/7ppk9uty.jpg</thumbnail>
<fanart>http://d3gtl9l2a4fn1j.cloudfront.net/t/p/original/vbiDLDN9pmBIkk16qIgzMlWHQK6.jpg</fanart>
<imdb>6.7</imdb>
<darsteller>Willem Dafoe, Sam Neill, Morgana Davies</darsteller>
<plot>Martin David ist ein hoch bezahlter Industrie-Söldner für besondere Aufgaben. Eine skrupellose Biotech-Firma schickt ihn nach Tasmanien, um eine mystische und wahrscheinlich äußerst profitable Kreatur zu finden: den letzten Tasmanischen Tiger. Martin soll ihn erlegen und sein Gen-Material sicherstellen. In der undurchdringlichen Wildnis der tasmanischen Berge, wo jeder Fehltritt, jede Unachtsamkeit oder kleinere Verletzung einen einsamen Tod bedeuten kann, legt sich Martin auf die Lauer. Er weiß, dass seine Zeit knapp ist. Schon bald findet er Zeichen, dass er da draußen nicht mehr allein ist …</plot>
<fsk>12</fsk>
<code>tt1703148</code>
<trailer></trailer>
</item>
<item>
<title>Jack Hunter Auf der Suche nach dem Grab des Pharao</title>
<link>http://vidplay.net/gyvpqh1rs16z</link>
<link>http://www.mightyupload.com/embed-on4ovvuy10xk-645x353.html</link>
<thumbnail>http://www.bilder-upload.eu/upload/08062f-1376406709.jpg</thumbnail>
<fanart></fanart>
<imdb>4.7</imdb>
<darsteller></darsteller>
<plot>Jack trifft Liz Johnson, die Assistentin von Professor Shaffer, und erfährt von ihr, dass sie für den amerikanischen Nachrichtendienst NSA arbeitet. Derweil wurde ein Obelisk mit Schriftzeichen der Ugarit von Dr. Lena Halstrom in Ägypten gefunden. Dieser stellt die Verbindung zwischen dem Pharao Echnaton und dem verlorenen Schatz der Ugarit her. Jack lässt sich auf einen Deal mit der NSA ein und verabredet sich mit Nadia und Tariq in Kairo. Dort treffen sie auch Dr. Lena Halstrom, die sich sehr zum Ärger von Nadia als Ex-Freundin von Jack herausstellt. Während die beiden Rivalinnen versuchen, sich gegenseitig auszustechen, wird die Truppe überfallen. In letzter Sekunde können sie sich retten, werden aber beschuldigt, ägyptischen Nationalbesitz gestohlen zu haben. Ihnen bleibt zunächst nichts anderes übrig, als den Hinweisen auf dem Artefakt selbst zu folgen, die sie zum verborgenen Grab von Echnaton führen. Auf einem Nilkreuzfahrtschiff flüchten sie aus Kairo, nur um in einem kleinen Dorf vom korrupten Polizeibeamten Colonel Mustapha aufgegriffen zu werden. Er zwingt Jack, ihn zum Grab zu führen und behält die anderen als Geiseln im Gefängnis. Jack entkommt und rettet seine Freunde. Am Grab des Pharao angekommen, entdecken sie zwei römische Münzen auf den Augen der mumifizierten Leiche. Vor tausenden von Jahren sind ihnen römische Grabräuber zuvor gekommen...</plot>
<fsk>12</fsk>
<code>tt1412093</code>
<trailer></trailer>
</item>
<item>
<title>Magische Reise nach Afrika</title>
<link>http://vidplay.net/rwqwpqpat2ma</link>
<link>http://www.mightyupload.com/embed-9ihx7nyafjv6-645x353.html</link>
<thumbnail>http://s14.directupload.net/images/130817/shkwl6gu.jpg</thumbnail>
<fanart>http://d3gtl9l2a4fn1j.cloudfront.net/t/p/original/dCn8dO0VurWYNJ5eBNxBSv7HGlf.jpg</fanart>
<imdb>4.2</imdb>
<darsteller> Eva Gerretsen, Raymond Mvula, Michael Van Wyk</darsteller>
<plot>Eine zufällige Begegnung der zehnjährigen Jana mit einem Jungenaus Afrika erweckt in dem Mädchen die Neugier. Sie begibt sich auf eine aufregende imaginäre Reise in die Heimat des Jungen, begleitet von einem magischen geflügelten Pferd. In Afrika lernt Jana den gleichaltrigen Mel kennen, der ihr seine Heimat zeigt. Jana begegnet exotischen Tieren, hört rätselhafte mystische Geschichten und lernt die Menschen Afrikas kennen.</plot>
<fsk>6</fsk>
<code>title</code>
<trailer></trailer>
</item>
<item>
<title>City of Ember Flucht aus der Dunkelheit</title>
<link>http://vidplay.net/dgo4a7zqxise</link>
<link>http://www.mightyupload.com/embed-tffx7cmj51hn-645x353.html</link>
<thumbnail>http://images.cinefacts.de/thumbs/CityofEmberFluchtausderDunkelheit-Cover-193255.jpg</thumbnail>
<fanart>http://d3gtl9l2a4fn1j.cloudfront.net/t/p/original/npakqXbq7cCKyYLANJaEnnzwbgs.jpg</fanart>
<imdb>6.4</imdb>
<darsteller> David Ryall, Bill Murray, Toby Jones</darsteller>
<plot>Ember, in eine Stadt unter der Erde: Über Jahrhunderte haben die Bewohner die Stadt in eine florierende, leuchtende Metropole verwandelt, doch nun steht der Energie-Generator vor dem Zusammenbruch. Die Tage von Ember sind gezählt: Lina und Doon suchen einen Ausweg, doch der Bürgermeister hat seine eigenen Pläne. Gibt es eine Möglichkeit die Stadt zu retten? Was ist hinter den Mauern der Stadt?</plot>
<fsk>12</fsk>
<code>title</code>
<trailer>plugin://plugin.video.youtube/?action=play_video&amp;videoid=xVafuEEjojk&amp;hd=1</trailer>
</item>
<item>
<title>Jack Hunter Das Zepter des Lichts</title>
<link>http://vidplay.net/em4imcrjuq4c</link>
<link>http://www.mightyupload.com/embed-afycexvxjsjq-645x353.html</link>
<thumbnail>http://s14.directupload.net/images/130822/lr5ag5dx.jpg</thumbnail>
<fanart>http://d3gtl9l2a4fn1j.cloudfront.net/t/p/original/pJ8XZIFJwGOrdD1SEkHNaDOQPfU.jpg</fanart>
<imdb>4.9</imdb>
<darsteller> Ivan Sergei, Joanne Kelly, Thure Riefenstein</darsteller>
<plot>Jack Hunter, der smarte Abenteurer und Archäologe befindet sich mitten in einem großen und geheimnisvollen Abenteuer. Das Grab des Pharao, das er nach langer Reise endlich erreicht hat, ist leer. Einzig eine Römische Münze kann er entdecken, das ihm den Hinweis, dass der Schatz, eine mächtige und geheimnisvolle Waffe, nach Rom und dann nach Konstantinopel, die Byzantinische Hauptstadt gebracht worden ist. Dorthin schickt ihn die NSA, zusammen mit Nadia und Tariq, um zu verhindern, dass das mächtige Artefakt in falsche Hände gerät. Währenddessen erhöht Petrovsky, der russische Mafiaboss den Druck auf Littman – und auch Nadias Liebhaber, Fuad Antaki, dessen Vater einst das wertvolle „Zepter des Lichts“ verkauft hatte, gerät zwischen die Fronten…</plot>
<fsk>12</fsk>
<code>title</code>
<trailer></trailer>
</item>
<item>
<title>Das Blut der Wikinger UNCUT 2013</title>
<link>http://vidplay.net/b5e2iaj23m2q</link>
<link>http://www.mightyupload.com/embed-g310pfxnzh78-645x353.html</link>
<thumbnail>http://s1.directupload.net/images/130908/kq53r425.jpg</thumbnail>
<fanart>http://d3gtl9l2a4fn1j.cloudfront.net/t/p/original/idlzdmUFIO9XYthwwryPizYCJ4q.jpg</fanart>
<imdb>4.0</imdb>
<darsteller> Gareth John Bale, Ian Dicks, Richard Elfyn</darsteller>
<plot>England im Jahre 793 A.D. Die Wikinger greifen blutig und brutal das Lindisfarne Kloster an. Der junge Mönch Hereward und sein Meister, der alte Abt Athelstan, flüchten vor dem Massaker und wollen “Das Buch von Lindisfarne”, das wertvollste religiöse Relikt jener Zeit, in Sicherheit bringen. Verfolgt von dem Todeskommando der Wikinger, das um jeden Preis das heilige Buch in seinen Besitz bekommen möchte, machen sich die Mönche auf eine beschwerliche Flucht durch das mittelalterliche Ödland.</plot>
<fsk>16</fsk>
<code>title</code>
<trailer>plugin://plugin.video.youtube/?action=play_video&amp;videoid=oJIpr_SVv80&amp;hd=1</trailer>
</item>
<item>
<title>Idiocracy</title>
<link>http://vidplay.net/a79lnz3zm7g7</link>
<link>http://www.mightyupload.com/embed-mu7dl9ria88d-645x353.html</link>
<thumbnail>http://images.cinefacts.de/thumbs/Idiocracy-Cover-159370.jpg</thumbnail>
<fanart>http://d3gtl9l2a4fn1j.cloudfront.net/t/p/original/nikF9ttYezUwTlQt3uLqueDKjsq.jpg</fanart>
<imdb>6.4</imdb>
<darsteller> Luke Wilson, Maya Rudolph, Dax Shepard</darsteller>
<plot>Joe Bowers arbeitet als Bibliothekar bei der Army und ist nicht unbedingt der intelligenteste Zeitgenosse. Ein optimales Versuchskaninchen also für das streng geheime Projekt des Pentagons. Ein Experiment, bei dem Menschen in einen Winterschlaf versetzt werden um sie zu einem späteren Zeitpunkt wieder zum Leben zu erwecken. Das auf ein Jahr angesetzte Projekt gerät in Vergessenheit und Joe Bowers und die ihm damals als fruchtbare Partnerin zugeteilte Prostituierte Rita erwachen im Jahre 2505. In Mitten einer inzwischen total verdummten Menschheit und von Blödheit regierten Welt sind die beiden allen anderen mit ihrer Intelligenz haushoch überlegen. Joe nutzt seine Chance und kandidiert bei den Präsidentschaftswahlen in Amerika.</plot>
<fsk>16</fsk>
<code>title</code>
<trailer>plugin://plugin.video.youtube/?action=play_video&amp;videoid=clYwX8Z43zg&amp;hd=1</trailer>
</item>
<item>
<title>Orc Wars 2013</title>
<link>http://vidplay.net/kt496eh8twkj</link>
<link>http://www.mightyupload.com/embed-nzrt6nduabuq-645x353.html</link>
<thumbnail>http://images.cinefacts.de/thumbs/Orc-Wars_dvd_cover.jpg</thumbnail>
<fanart>http://d3gtl9l2a4fn1j.cloudfront.net/t/p/original/5h8qUEdx2FjJoTrlbnVk2XAVTBo.jpg</fanart>
<imdb>4.6</imdb>
<darsteller> Rusty Joiner, Masiela Lusha, Wesley John</darsteller>
<plot>John Norton (Rusty Joiner) ist ein knallharter Veteran der US-Streitkräfte, der keine Lust mehr aufs Töten hat und sich deswegen in den Vorruhestand begibt. Um seine freie Zeit zu genießen und um einen Neuanfang zu wagen, kauft er sich ein Stück Land in einem abgelegenen Ort im Westen Amerikas. Doch als er Aleya (Masiela Lusha) begegnet, ist es aus mit der Idylle. Die äußerst attraktive Frau sieht nicht nur aus, als wäre sie einer längst vergangenen Epoche entsprungen, sie verhält sich auch so. Die schöne Prinzessin wird von einer Meute nicht minder interessanter Leute begleitet. Darunter befindet sich beispielsweise ein blinder Schamane. Wie John erfährt, sind die plötzlichen Besucher durch ein interdimensionales Tor in der Gegenwart gelandet, dicht gefolgt von einer Horde wilder Orcs, die es auf die Truppe abgesehen hat. Um die drohende Invasion abzulenken, rüsten sich John und seine neuen Freunde für den Kampf. Seine militärische Vergangenheit hilft dem US-Veteran, passende Vorkehrungen zu treffen. Nur werden diese genügen?</plot>
<fsk>16</fsk>
<code>title</code>
<trailer>plugin://plugin.video.youtube/?action=play_video&amp;videoid=P2YbykbdJ1E&amp;hd=1</trailer>
</item>
<item>
<title>Fünf Freunde 2  2013</title>
<link>http://vidplay.net/x1sb2cgmnkis</link>
<link>http://www.mightyupload.com/embed-3kg9hda5haoz-645x353.html</link>
<thumbnail>http://s1.directupload.net/images/131005/8ohurztw.jpg</thumbnail>
<fanart></fanart>
<imdb>6.3</imdb>
<darsteller> Valeria Eisenbart, Quirin Oettl, Justus Schlingensiepen</darsteller>
<plot>Die Sommerferien sind da und George (Valeria Eisenbart), Dick (Justus Schlingensiepen), Julian (Quirin Oettl), Anne (Neele Marie Nickel) und Timmy reisen dieses Mal ins sagenhafte Katzenmoor. Dort soll im 19. Jahrhundert das "Grüne Auge", der größte Smaragd der Welt, versteckt worden sein und die Freunde wittern sofort ein neues Abenteuer. Doch nachdem sie sich mit dem Millionärssohn Hardy (Kristo Ferkic) anfreunden, wird Dick von einem Gaunerpaar (Oliver Korittke und Stefan Konarske) mit dem Jungen verwechselt und anstelle des reichen Sprösslings verschleppt. Die Entführer glauben, dass Hardy beziehungsweise Dick Informationen über den Verbleib des Edelsteins hat. Währenddessen setzen die restlichen Freunde alles daran, Dick zu befreien - dabei geraten sie an einen mysteriösen Wanderzirkus und erleben weitere, spannende Abenteuer.</plot>
<fsk>0</fsk>
<code>title</code>
<trailer>plugin://plugin.video.youtube/?action=play_video&amp;videoid=ceer1vCmgdY&amp;hd=1</trailer>
</item>
<item>
<title>Alexander Revisited The Final Cut</title>
<link>http://vidplay.net/htlg0x5ddoj0</link>
<link>http://www.mightyupload.com/embed-vs2ckg3hmttr-645x353.html</link>
<thumbnail>http://s7.directupload.net/images/131012/ds972k46.jpg</thumbnail>
<fanart>http://d3gtl9l2a4fn1j.cloudfront.net/t/p/original/duuLGh257UXW1rsU84oXmDma895.jpg</fanart>
<imdb>5.4</imdb>
<darsteller> Colin Farrell, Anthony Hopkins, Rosario Dawson</darsteller>
<plot>Oliver Stones Epos 'Alexander' basiert auf der wahren Geschichte einer der strahlendsten und einflussreichsten Leitfiguren der Geschichte. Der Film zeichnet den Lebensweg Alexander des Großen (356 - 323 vor Christus) nach, wie er zur lebenden Legende wurde. Von seiner Jugend, in der ihn Träume von Ruhm und Abenteuer antrieben, über die starken Bindungen zu seinen engsten Vertrauten, bis hin zu seinem einsamen und mysteriösen Tod als Herrscher über ein riesiges Imperium. Mutig und ehrlich zeigt der Film Alexanders (Colin Farrell) Leben und die Beziehungen zu seiner Mutter Olympias (Angelina Jolie), seinem Vater Philipp (Val Kilmer), seinem Heeresführer Hephaistion (Jared Leto), der ein Leben lang sein bester Freund blieb, zu Roxane (Rosario Dawson), seiner ehrgeizigen und schönen Frau, und schließlich zu Ptolemaios (Anthony Hopkins), seinem zuverlässigen General und Vertrauten...</plot>
<fsk>16</fsk>
<code>title</code>
<trailer>plugin://plugin.video.youtube/?action=play_video&amp;videoid=4reOUj7RQ6k&amp;hd=1</trailer>
</item>
<item>
<title>King Arthur Directors Cut</title>
<link>http://vidplay.net/x641kgk3v8qs</link>
<link>http://www.mightyupload.com/embed-bws6ogjmvcpb-645x353.html</link>
<thumbnail>http://images.cinefacts.de/thumbs/KingArthur-Filmbild-25251.jpg</thumbnail>
<fanart>http://d3gtl9l2a4fn1j.cloudfront.net/t/p/original/r0vSKooy7FjFQtMJ1fBF46Q05Nj.jpg</fanart>
<imdb>6.2</imdb>
<darsteller> Clive Owen, Stephen Dillane, Keira Knightley</darsteller>
<plot>Nach dem Zerfall des Römischen Reiches herrscht in England Anarchie. Seit Jahren befinden sich die Ritter des Landes im Kampf um die Territorien. Als die barbarischen Sachsen in das Land einfallen und Krieg ausbricht, folgt eine Zeit des Aufruhrs und der Verwüstung. Ein Mann jedoch scheint alle wieder vereinen zu können. Gemeinsan mit den Rittern der Tafelrunde, der zukünftigen Königin Guinevere (Keira Knightley) dem Mentor Merlin (Stephen Dillane) und dem tapferen Krieger Lancelot (Ioan Gruffudd) ist der große Heeresführer Arthur (Clive Owen) entschlossen, der Gewaltherrschaft ein Ende zu setzen und England zu retten...</plot>
<fsk>12</fsk>
<code>title</code>
<trailer>plugin://plugin.video.youtube/?action=play_video&amp;videoid=ljFUjPAHWW4&amp;hd=1</trailer>
</item>
<item>
<title>Australia</title>
<link>http://vidplay.net/qygr0er34ub8</link>
<link>http://www.mightyupload.com/embed-bu1alyq3qnp8-645x353.html</link>
<thumbnail>http://images.cinefacts.de/thumbs/Australia-Cover-181728.jpg</thumbnail>
<fanart>http://d3gtl9l2a4fn1j.cloudfront.net/t/p/original/uNkRF7xxmYMbobEzlijAVQC9tsY.jpg</fanart>
<imdb>6.2</imdb>
<darsteller> Nicole Kidman, Hugh Jackman, Shea Adams</darsteller>
<plot>Australien, kurz vor dem Ausbruch des zweiten Weltkriegs: Lady Sarah Ashley (Nicole Kidman), eine englische Adelige, hat den beschwerlichen Weg von England genommen, um einige Dinge mit ihrem Mann zu klären, die ihre Ehe betreffen. Auf dem fünften Kontinent jedoch gerät sie in einen viel größeren Konflikt als sie es sich erträumt hat. Nachdem mit dem wortkargen Viehtreiber Drover (Hugh Jackman) endlich auf der abgelegenen Rinderfarm angekommen ist, ist ihr Mann ermordet worden und der Rinderbaron King Carney (Bryan Brown) will sich die Besitztümer und den Viehbestand einverleiben. Weil ihr Personal zum Teil von Carney gekauft wurde, engagiert sie Drover, um eine große quer durch das australische Outback zu treiben, um Carney sein Monopol zu versauen. Ein Himmelfahrtskommando wegen der äußeren Umstände und der Rücksichtslosigkeit Carneys – unbemerkt von den sonstigen Vorkommnissen in der Welt, denn inzwischen ist der Weltkrieg ausgebrochen und die Japaner haben den Allierten den Krieg erklärt. Australien wird bombardiert…</plot>
<fsk>12</fsk>
<code>title</code>
<trailer>plugin://plugin.video.youtube/?action=play_video&amp;videoid=mfI4hK9I2k0&amp;hd=1</trailer>
</item>
<item>
<title>Sin Nombre Life Without Hope</title>
<link>http://vidplay.net/ey22b5lfdncv</link>
<link>http://www.mightyupload.com/embed-vggpw6b2mvvm-645x353.html</link>
<thumbnail>http://s14.directupload.net/images/131027/jgmhdzf6.jpg</thumbnail>
<fanart>http://d3gtl9l2a4fn1j.cloudfront.net/t/p/original/4tsNx2ViEmYHjieCZRUucM2O5Bh.jpg</fanart>
<imdb>6.5</imdb>
<darsteller></darsteller>
<plot>Von dem Versprechen eines besseren Lebens getrieben, wollen Sabina (Greisy Mena) und Jovani (Fernando Moreno) nach Amerika auswandern. Sie stammen beide aus Honduras und wagen diese belastende Reise gemeinsam, doch ihr Weg endet früher als erwartet, denn zunächst stecken sie an der Grenze hinter Guatemala fest. Dort treffen sie auf korrupte Beamte und jede Menge Kriminelle, die auch vor gewaltvoller Durchsetzung ihres Willens nicht zurückschrecken. All jenen hilflos ausgesetzt, durchleiden die Flüchtlinge eine schwere Zeit: Die noch nicht volljährige Sabina heuert schließlich in einem Bordell an und der junge Jovani schließt sich einer Gang an, deren Aufgabe primär darin besteht, andere Flüchtlinge einzuschüchtern, deren Hab und Gut zu plündern und sie sogar umzubringen. Doch auch in diesen düsteren Tagen und während ihrer unfreiwilligen Arrangements geben sie die Hoffnung nicht auf und sehnen sich weiterhin nach einer glücklichen Zukunft im Land der unbegrenzten Möglichkeiten…</plot>
<fsk>16</fsk>
<code>title</code>
<trailer>plugin://plugin.video.youtube/?action=play_video&amp;videoid=N5K-q_tOg-g&amp;hd=1</trailer>
</item>
<item>
<title>Die neue Prophezeiung der Maya (2013)</title>
<link>http://vidplay.net/b6vqzhyxiy6i</link>
<link>http://www.mightyupload.com/embed-nutqckm0otvf-645x353.html</link>
<thumbnail>http://images.cinefacts.de/thumbs/4041658225519-neue-Prophezeiung-der-Maya.jpg</thumbnail>
<fanart></fanart>
<imdb>4.7</imdb>
<darsteller> Graem Beddoes, Caroline Cave, Simon Chin</darsteller>
<plot>Massive Erdbeben erschüttern die USA und elektromagnetische Meteoriten stürzen auf die Erde. In einem kleinen amerikanischen Städtchen sind die zwei Super-Nerds Owen und Steve in ihrer Videothek gefanden. Während draußen der Meteoritenschauer alles und jeden zertrümmert, versucht Owen seine Freundin zu finden. Doch die beiden Filmfreaks kennen sich mit Katastrophenfilmen aus und wissen, dass der SciFi Autor Doc Brown die Lösung kennt, um den Untergang der Welt zu stoppen. Dummerweise sitzt dieser in einer Psychiatrischen Klinik hinter Gittern. Doch die beiden Jungs lassen sich von nichts davon abbringen, die Freundin, ihre Videothek und nebenbei die ganze Welt zu retten. Und so liegt das Schicksal der Menschheit in den Händen der wohl gewöhnlichsten Helden.</plot>
<fsk>12</fsk>
<code>tt2139851</code>
<trailer>plugin://plugin.video.youtube/?action=play_video&amp;videoid=Jk1F39Ni2pU&amp;hd=1</trailer>
</item>
<item>
<title>The Mexican</title>
<link>http://vidplay.net/rfnkl92xibe3</link>
<link>http://www.mightyupload.com/embed-wlet3z3qecle-645x353.html</link>
<thumbnail>http://s1.directupload.net/images/131103/kupm2vb5.jpg</thumbnail>
<fanart>http://d3gtl9l2a4fn1j.cloudfront.net/t/p/original/elTdq4oZ2jmYFrG6OEHnh4wpklC.jpg</fanart>
<imdb>6.0</imdb>
<darsteller> Brad Pitt, Julia Roberts, James Gandolfini</darsteller>
<plot>Endlich, so hofft der unfreiwillige Mafia-Handlanger Jerry (Brad Pitt), kann er mit seiner Verlobten Samantha (Julia Roberts) ein neues Leben in Las Vegas beginnen. Doch die Mafia lässt ihn nicht los: In einem letzten Auftrag soll er in Mexiko eine seltene, angeblich mit einem Fluch belegte Waffe abholen und in die Staaten schmuggeln. Zunächst läuft alles glatt, doch dann wird die Pistole gestohlen. Während Jerry ihr schicksalsergeben hinterher jagt, wird Samantha auf dem Weg nach Las Vegas von dem Killer Leroy (James Gandolfini) gekidnappt. Stück um Stück, Abenteuer um Abenteuer kommt sich das getrennte Paar wieder näher. Aber erst die ganze Geschichte der Pistole lässt sie erkennen, wie sie aus dem ganzen Durcheinander wieder herauskommen können.</plot>
<fsk>12</fsk>
<code>title</code>
<trailer>plugin://plugin.video.youtube/?action=play_video&amp;videoid=apCvmjRDAMw&amp;hd=1</trailer>
</item>
<item>
<title>Seelen (2013)</title>
<link>http://vidplay.net/ny5iajot4y35</link>
<link>http://www.mightyupload.com/embed-j6mqk83kkhv3-645x353.html</link>
<thumbnail>http://images.cinefacts.de/thumbs/Seelen-Poster.jpg</thumbnail>
<fanart>http://d3gtl9l2a4fn1j.cloudfront.net/t/p/original/l98eKkWpuZEKBqJSNfF0nep78vJ.jpg</fanart>
<imdb>5.7</imdb>
<darsteller> Saoirse Ronan, Max Irons, Jake Abel</darsteller>
<plot>Aliens haben die Erde der Zukunft erobert und sind in die Körper der Menschen geschlüpft. Als sogenannte Seelen pflanzen sie ihnen ihr eigenes Bewusstsein ein. Melanie (Saoirse Ronan) aber wehrt sich beharrlich gegen ihre neue Seele und will sie auf ihre Seite ziehen. Sie führt sie in die Wüste, wo sich ihr Freund Jared (Max Irons) und ihr kleiner Bruder Jamie (Chandler Canterbury) mit anderen freien Menschen in Höhlen verstecken. Dort wird sie als Todfeind gefangen genommen. Wegen Melanie fühlt sich Wanda, wie die Menschen sie nennen, zu Jared hingezogen, aber dann verliebt sich Ian (Jake Abel) in sie. Draußen fahndet eine Sucherin (Diane Kruger) der Aliens unermüdlich nach ihr...</plot>
<fsk>12</fsk>
<code>tt1517260</code>
<trailer>plugin://plugin.video.youtube/?action=play_video&amp;videoid=gXz1EpiBBtg&amp;hd=1</trailer>
</item>
<item>
<title>13.000 Kilometer Die Männer der Emden</title>
<link>http://vidplay.net/4e1ygmqhuayr</link>
<link>http://www.mightyupload.com/embed-xezltnugpq8s-645x353.html</link>
<thumbnail>http://images.cinefacts.de/thumbs/13000-Kilometer_dvd_cover.jpg</thumbnail>
<fanart></fanart>
<imdb>6.6</imdb>
<darsteller> Sibel Kekilli, Ken Duken, Felicitas Woll</darsteller>
<plot>Erster Weltkrieg 1914: Der Stolz der kaiserlichen Flotte, der Kreuzer „SMS Emden“, liegt im Indischen Ozean vor einem kleinen Atoll. Ein Landungszug von 50 Mann ist an Land um eine Funkstation unschädlich zu machen, als die Emden von dem australischen Zerstörer Sydney gestellt wird. Die Besatzung hat keine Chance und die Kameraden an Land müssen fassungslos mit ansehen, wie ihr Schiff und ihr Zuhause versinken. Aufgeben kommt jedoch nicht in Frage. Unter der Leitung ihres Kapitänleutnant von Mücke (Sebastian Blomberg) wagen die Männer der Emden das Unmögliche: den Heimweg nach Berlin. Es beginnt eine gnadenlose Odyssee auf Leben und Tod. Auf 13.000 Kilometern kämpfen sie gegen Feinde, Hunger und Krankheiten, immer getrieben von ihrem unbeugsamen Willen zu überleben.</plot>
<fsk>12</fsk>
<code>tt1808067</code>
<trailer>plugin://plugin.video.youtube/?action=play_video&amp;videoid=VKTBQvVQLbQ&amp;hd=1</trailer>
</item>
<item>
<title>Edge of War Zug des Todes</title>
<link>http://vidplay.net/5t9oc5f0lmqe</link>
<link>http://www.mightyupload.com/embed-4dybte63vqp7-645x353.html</link>
<thumbnail>http://s14.directupload.net/images/131116/ztahqkt2.jpg</thumbnail>
<fanart></fanart>
<imdb>6.5</imdb>
<darsteller> Sergey Garmash, Aleksey Gorbunov, Vyacheslav Krikunov</darsteller>
<plot>Kurz nach Ende des Zweiten Weltkriegs im sibirischen Hinterland: Die Russen haben die Deutschen besiegt, sind jedoch vom langen Krieg ebenso erschöpft und gebrandmarkt wie die Verlierer. Ignat (Vladimir Machkov) ist die Verkörperung des Bildes eines siegreichen sowjetischen Kriegers, doch auch er ist seelisch gebrochen. Seine Hoffnung wird aber wieder erweckt, als er eine deutsche Frau namens Sofia (Yulia Peresild) kennenlernt und sich sofort in sie verliebt. Doch auch der Fischer (Sergei Garmash) hat ein Auge auf sie geworfen, sieht sie aber eigentlich nur als Trophäe des Sieges über die Deutschen an. Gleichzeitig nimmt auch etwas anderes einen großen Stellenwert ein: Züge, ihr Transport und ihre Geschwindigkeit. Die Männer werden eins mit ihren Dampfmaschinen und es kommt zu einem beinahe tödlichen Rennen im sibirischen Wald, wodurch sie nicht nur ihr eigenes Leben, sondern auch das der gesamten Provinz riskieren.</plot>
<fsk>12</fsk>
<code>tt1706414</code>
<trailer>plugin://plugin.video.youtube/?action=play_video&amp;videoid=4ft-XOmysuI&amp;hd=1</trailer>
</item>
<item>
<title>Die Chroniken von Phantasia</title>
<link>http://vidplay.net/xiqzef5xha80</link>
<link>http://www.mightyupload.com/embed-7hv5t0nf9akm-645x353.html</link>
<thumbnail>http://s14.directupload.net/images/131118/sm8d7rhb.jpg</thumbnail>
<fanart>http://d3gtl9l2a4fn1j.cloudfront.net/t/p/original/aMt0VsmO7IXSSlV6Z5YlDwpWo8h.jpg</fanart>
<imdb>3.2</imdb>
<darsteller> Jeremiah Sayys, Robert Picardo, Jared Young</darsteller>
<plot>Der junge Gabriel (Jared Young), dessen Vater (John Heard) und Mutter (Theresa Russell) sich gerade einen bitteren Rosenkrieg liefern, findet Trost in den Geschichten seines abenteuerlustigen Großvaters (Robert Picardo). Dieser erzählt von den spannenden Erlebnissen des Prinzen Nethiah (Jeremiah Sayys), der in einer fernen Welt für Gerechtigkeit kämpft und sein Volk zu befreien versucht. Die Erzählungen geben dem Jungen die Kraft nach vorne zu blicken und sich der schweren Zeit zu stellen, die vor ihm liegt.</plot>
<fsk>12</fsk>
<code>tt1296172</code>
<trailer>plugin://plugin.video.youtube/?action=play_video&amp;videoid=M5sGxKN7mn8&amp;hd=1</trailer>
</item>
<item>
<title>The Fellows Hip Der Herr des Rollenspiels (2013)</title>
<link>http://vidplay.net/omsrrsza9pkz</link>
<link>http://www.mightyupload.com/embed-7vnl6qy82b0m-645x353.html</link>
<thumbnail>http://images.cinefacts.de/thumbs/The-Fellows-Hip_dvd_cover.jpg</thumbnail>
<fanart></fanart>
<imdb>7.5</imdb>
<darsteller> Justin Moe, Jayme Bell, Cole Matson</darsteller>
<plot>Randall Dooley (Justin Moe) ist ein absoluter Außenseiter. Seine drei besten Freunde stehen ihm mit diesem Ruf in nichts nach. Wenn Randall nicht gerade mit seiner Loser-Truppe abhängt, arbeitet er in einem Spiele-Shop und verbringt seine gesamte Freizeit damit, Online-Spiele zu zocken. Sein älterer Bruder schikaniert ihn zudem ununterbrochen und seine verwitwete Mutter scheint den Teenager ohnehin nicht zu verstehen. Kurz gesagt, er ist ein absoluter Verlierer. Und ausgerechnet dieser Randall verliebt sich auch noch hoffnungslos in die hübscheste Cheerleaderin der Highschool, bei der er natürlich alles andere als gute Chance hat. Doch sein Leben wandelt sich, als ein „Herr der Ringe“-Gaming-Wettbewerb in Orlando (Florida) stattfindet: Endlich eine Chance, bei der sich der Gaming-Nerd beweisen kann…</plot>
<fsk>12</fsk>
<code>tt1669814</code>
<trailer>plugin://plugin.video.youtube/?action=play_video&amp;videoid=aB-NvfJQzBk&amp;hd=1</trailer>
</item>
<item>
<title>Clara und das Geheimnis der Bären</title>
<link>http://vidplay.net/3urvfae61bkz</link>
<link>http://www.mightyupload.com/embed-8q3b6n56c2ry-645x353.html</link>
<thumbnail>http://images.cinefacts.de/thumbs/Clara-und-das-Geheimnis-der-Baren-Poster.jpg</thumbnail>
<fanart></fanart>
<imdb>6.7</imdb>
<darsteller> Ricarda Zimmerer, Elena Uhlig, Roeland Wiesnekker</darsteller>
<plot>Die 13-jährige Clara zieht mit ihrer Mutter zu ihrem Stiefvater in ein kleines Bergdorf in den Schweizer Alpen. Clara liebt die Natur und Streifzüge durch die Berge. Sie ist sehr naturverbunden und daher stört es sie wenig, dass die Dorfbewohner mit der Familie nichts zu tun haben wollen. Auch in der Schule hat das sensible Mädchen keine Freunde. Nur Thomas, ebenfalls ein “Neuer aus der Stadt”, steht zu ihr. Als Clara eines Tages auf einer Waldwiese einen kleinen Bären entdeckt, überschlagen sich plötzlich die Ereignisse: Kann es ein Junges der Bärenmutter Zelda sein, die vor ein paar Jahren von Wilderern geschossen wurde? Warum verbreitet sich das Gerücht über die Rückkehr der Bären im Dorf wie ein Lauffeuer? Clara ahnt, dass sie einem riesigen Geheimnis auf der Spur ist, das weit in die Vergangenheit reicht. Zusammen mit Thomas versucht Clara die mysteriöse Dorfgeschichte zu ergründen und gerät dabei immer tiefer in ein rätselhaftes Abenteuer…</plot>
<fsk>6</fsk>
<code>tt1951099</code>
<trailer>plugin://plugin.video.youtube/?action=play_video&amp;videoid=6s2qVaXiyCg&amp;hd=1</trailer>
</item>
<item>
<title>Zurück in die Zukunft 3</title>
<link>http://vidplay.net/84vm3p12ahbd</link>
<link>http://www.mightyupload.com/embed-ougrxb4brk3s-645x353.html</link>
<thumbnail>http://images.cinefacts.de/thumbs/ZurckindieZukunft3-Cover-141234.jpg</thumbnail>
<fanart></fanart>
<imdb>7.3</imdb>
<darsteller> Michael J. Fox, Christopher Lloyd, Mary Steenburgen</darsteller>
<plot>Doc Brown hat auf seiner letzten Zeitreise in den Wilden Westen die große Liebe gefunden und wird endlich im Jahr 1885 "sesshaft". Durch Zufall entdeckt Marty Mc Fly einen Grabstein mit dem Todesdatum von Doc Brown – 1885 bei einem Duell erschossen. Per DeLorean macht sich Marty auf, seinem besten Freund das Leben zu retten. Und dabei machen ihm nicht nur akuter Kraftstoffmangel, feindliche Indianer und die rauhen Sitten des Wilden Westens zu schaffen, sondern auch ein alter Bekannter.</plot>
<fsk>12</fsk>
<code>tt0099088</code>
<trailer>plugin://plugin.video.youtube/?action=play_video&amp;videoid=S5U3HXs5ovU&amp;hd=1</trailer>
</item>
<item>
<title>Zurück in die Zukunft 2</title>
<link>http://vidplay.net/kyudkehaakal</link>
<link>http://www.mightyupload.com/embed-cwrlay144ylr-645x353.html</link>
<thumbnail>http://s7.directupload.net/images/131201/nhu3ty88.jpg</thumbnail>
<fanart></fanart>
<imdb>7.7</imdb>
<darsteller> Michael J. Fox, Christopher Lloyd, Lea Thompson</darsteller>
<plot>Marty McFly und Doc Brown starten wieder durch. Gerade erst von seiner ersten Zeitreise zurückgekehrt, wartet bereits eine neue Mission: Doc Brown erfährt auf einem Kurztripp ins Jahr 2015, dass Martys Kinder in höchster Gefahr sind. Also nichts wie hin und die Sache wieder gerade biegen. Leider dreht Marty ein wenig zu heftig am Rad der Geschichte und der fiese Biff wird durch einen Fehler zu einem der einflussreichsten Oberschurken. Nur eine Reise in die Vergangenheit kann den Schaden wieder beheben – oder führt zu einem totalen Chaos in Zeit und Raum.</plot>
<fsk>12</fsk>
<code>tt0096874</code>
<trailer>plugin://plugin.video.youtube/?action=play_video&amp;videoid=Zlb3d2HLhpw&amp;hd=1</trailer>
</item>
<item>
<title>Das Märchen von der Prinzessin, die unbedingt in einem Märchen vorkommen wollte</title>
<link>http://vidplay.net/bb3zgsob7xxv</link>
<link>http://www.mightyupload.com/embed-rghz8wq6n9jq-645x353.html</link>
<thumbnail>http://s7.directupload.net/images/131201/xrzadh2n.jpg</thumbnail>
<fanart></fanart>
<imdb>6.6</imdb>
<darsteller> Sergey Garmash, Aleksey Gorbunov, Vyacheslav Krikunov</darsteller>
<plot>Es war einmal eine Prinzessin… so beginnt auch dieses Märchen, das eigentlich gar keines ist. Die Prinzessin lebt nämlich in einem so kleinen und so unbedeutenden Königreich, dass sie einfach in keinem Märchen vorkommt. Dabei möchte Clara unbedingt so berühmt sein wie Dornröschen oder so beliebt wie Rapunzel. Nur, was muss man dafür tun? 100 Jahre schlafen? Sich mit dem bösen Wolf anlegen? An Ideen mangelt es der Prinzessin jedenfalls nicht. Und so begibt sie sich mit ihrem besten Freund, dem Hofnarren Michel, in ihr erstes großes Märchenabenteuer.</plot>
<fsk>0</fsk>
<code>tt2222858</code>
<trailer>plugin://plugin.video.youtube/?action=play_video&amp;videoid=8NUXgFEBF0A&amp;hd=1</trailer>
</item>
<item>
<title>K9 Das grosse Weihnachtsabenteuer (2013)</title>
<link>http://vidplay.net/ew3f7ntzlwt0</link>
<link>http://www.mightyupload.com/embed-o2nbuwcow50q-645x353.html</link>
<thumbnail>http://images.cinefacts.de/thumbs/K9-Weihnachtsabenteuer_dvd_cover.jpg</thumbnail>
<fanart>http://d3gtl9l2a4fn1j.cloudfront.net/t/p/original/mYgxI0Xi8nhopN0i1gis13GDf3c.jpg</fanart>
<imdb>7.4</imdb>
<darsteller> Luke Perry, Ariana Bagley, Cate Allen</darsteller>
<plot>Zwei erfolglose Ganoven (u.a. Taylor Negron) schaffen es trotz eigenen Unvermögens die Posten zweier Wachmänner zu ergattern, die die örtliche Bank beschützen sollen. Natürlich verfolgen die Kriminellen ganz andere Ziele. Sie lauern auf eine günstige Gelegenheit, um sich die Geldberge anzueignen. Zudem steht in der Bank ein großer Glaskasten voller Weihnachtsspenden, auf den sie besonders ein Auge geworfen haben. Das Geld wurde mühevoll von Kassie (Ariana Bagely) und ihren Freunden aus dem Kinderchor gesammelt, um auch Bedürftigen ein frohes Fest zu bereiten. Zum Glück bekommen die Kinder Wind von den Plänen der beiden falschen Wachmänner. So planen sie eine Rettungsaktion, auf der sie von Kassies neuem Hund Scoot begleitet werden. Jener war einst ein Polizeihund und hatte bereits in der Vergangenheit Bekanntschaft mit den beiden Gangstern gemacht…</plot>
<fsk>6</fsk>
<code>tt2406468</code>
<trailer>plugin://plugin.video.youtube/?action=play_video&amp;videoid=0HesozINZNQ&amp;hd=1</trailer>
</item>
<item>
<title>Der Hobbit Eine Unerwartete Reise Extended Cut</title>
<link>http://vidplay.net/m8v0vnx2xqtz</link>
<link>http://www.mightyupload.com/embed-yh44bdg06pkd-645x353.html</link>
<thumbnail>http://images.cinefacts.de/DerHobbitEineunerwarteteReise-Filmbild-228527.jpg</thumbnail>
<fanart>http://d3gtl9l2a4fn1j.cloudfront.net/t/p/original/jjAq3tCezdlQduusgtMhpY2XzW0.jpg</fanart>
<imdb></imdb>
<darsteller> Ian McKellen [Gandalf] | Martin Freeman [Bilbo] | Richard Armitage [Thorin] | Ken Stott [Balin] | Graham McTavish [Dwalin] | William Kircher [Bifur / Tom Troll] | James Nesbitt [Bofur] | Stephen Hunter [Bombur] | Dean O'Gorman [Fili] | Aidan Turner [Kili]</darsteller>
<plot>Die Geschichte beginnt mit den 13 Zwergen unter der Führung des grüblerischen Thorin Eichenschild (Richard Armitage), die bei dem ahnungslosen Hobbit Bilbo Beutlin (Martin Freeman) in seinem Dorf Beutelsend einfallen. Gemeinsam mit dem Zauberer Gandalf (Ian McKellen) wollen sie ihre alte Heimatfestung zurückerobern, aus der sie einst der furchtbare Drache Smaug vertrieb. Doch ein Meisterdieb fehlt noch im Trupp. Und als diesen hat Gandalf ausgerechnet den arglosen Bilbo auserkoren, der sich der Gruppe nach einigem Zögern anschließt. Doch zwischen den Zwergen und ihrem Zuhause steht ein langer Weg durch Mittelerde, durch sterbende, verwunschene Wälder und über Schwindel erregende Gipfel. Und auch Thorins alter Erzfeind, ein tot geglaubter Ork-Häuptling, wird auf die Abenteurer aufmerksam.</plot>
<fsk></fsk>
<code></code>
<trailer></trailer>
</item>
</ArrayOfitem>