<?xml version="1.0" encoding="utf-8"?>
<ArrayOfitem>
<item>
<title>Avatar Aufbruch nach Pandorra Extended</title>
<link>http://180upload.com/ygcukt2n4wdq</link>
<link>http://www.mightyupload.com/embed-bkswmqiensdl-645x353.html</link>
<thumbnail>http://images.cinefacts.de/Avatar-AufbruchnachPandora-Filmbild-57962.jpg</thumbnail>
<fanart></fanart>
<imdb></imdb>
<darsteller></darsteller>
<plot>200 Jahre in der Zukunft sind die Rohstoffe der Erde erschöpft und die Menschen haben begonnen in den Weiten des Alls nach Alternativen zu suchen. Auf dem Mond Pandora wird man fündig, doch der Abbau erweist sich als schwierig, weil sich auf dem Mond nicht nur ein dichter Dschungel mit vielen unbekannten Lebewesen befindet, sondern auch weil er die Heimat einer intelligenten, humanoiden Spezies namens Na'vi ist, die dort im Einklang mit der Natur lebt.</plot>
<fsk></fsk>
<code></code>
<trailer></trailer>
</item>
<item>
<title>Rubinrot (2013)</title>
<link>http://180upload.com/ibrwzbi2z5jk</link>
<link>http://www.mightyupload.com/embed-rifbpirlr5vr-645x353.html</link>
<thumbnail>http://images.cinefacts.de/thumbs/Rubinrot-Filmbild-229224.jpg</thumbnail>
<fanart>http://d3gtl9l2a4fn1j.cloudfront.net/t/p/original/v1JyY396ejlrwO4ns4mvsZshaMm.jpg</fanart>
<imdb>5.9</imdb>
<darsteller></darsteller>
<plot>In der Familie von Gwendolyn Shepherd (Maria Ehrich), genannt Gwen, gibt es zahlreiche Geheimnisse, die sich alle um ein Zeitreise-Gen ranken. Angeblich trägt es ihre überhebliche Cousine Charlotte (Laura Berlin) in sich. Doch als Gwen plötzlich im London der letzten Jahrhundertwende landet, zeigt sich, dass sie selbst als Zeitreisende geboren wurde. Als die geheime Loge der "Wächter" dies erfährt, soll der Teenager nun Charlottes Position an der Seite des ebenso arroganten Gideon de Villiers (Jannis Niewöhner) einnehmen. Beide müssen die Vergangenheit besuchen, um das Blut weiterer Zeitreisender zu sammeln und in einem Chronographen zu bewahren. Dieser Vorgang soll unkontrollierte Zeitsprünge verhindern. Doch Gwen misstraut Logengroßmeister Falk de Villiers (Uwe Kokisch), der offenbar eigene, finstere Pläne verfolgt...</plot>
<fsk>12</fsk>
<code></code>
<trailer></trailer>
</item>
<item>
<title>Cirque du Soleil Traumwelten</title>
<link>http://180upload.com/hw6sebcw21cd</link>
<link>http://www.mightyupload.com/embed-kfkyxih138ho-645x353.html</link>
<thumbnail>http://images.cinefacts.de/thumbs/Cirque-du-Soleil-Traumwelten_dvd_cover.jpg</thumbnail>
<fanart>http://d3gtl9l2a4fn1j.cloudfront.net/t/p/original/r0BtS4m3Zq40wbDIEwAnXU3TYT6.jpg</fanart>
<imdb></imdb>
<darsteller></darsteller>
<plot></plot>
<fsk></fsk>
<code></code>
<trailer></trailer>
</item>
<item>
<title>Das Geheimnis der Geister von Craggyford</title>
<link>http://vidplay.net/mga7cjreto9k</link>
<link>http://www.mightyupload.com/embed-jj9fs6n98geb-645x353.html</link>
<thumbnail>http://images.cinefacts.de/thumbs/Das-Geheimnis-der-Geister-von-Craggyford_dvd_cover.jpg</thumbnail>
<fanart>http://d3gtl9l2a4fn1j.cloudfront.net/t/p/original/e9w9Lr5EOSh6CU751ZUcSzxsMFt.jpg</fanart>
<imdb></imdb>
<darsteller> Jason Isaacs [Narrator (voice)] | Emma Fielding [Mabel] | Georgia Groome [Winifred] | Toby Hall [Humphrey] | Otto Farrant [Barnabus] | Stephen Churchett [The Head Master] | Kevin McKidd [Hamish] | Bob Goody [Master Wraith] | David Schaal [Builder] | Bill Ward [Lord Alfred Seymour]</darsteller>
<plot></plot>
<fsk></fsk>
<code></code>
<trailer></trailer>
</item>
<item>
<title>Paladin - Die Krone des Königs 2013</title>
<link>http://vidplay.net/iiav9nyymjg3</link>
<link>http://www.mightyupload.com/embed-y5lsroe8xjg6-645x353.html</link>
<thumbnail>http://images.cinefacts.de/thumbs/Paladin-Die-Krone-des-Koenigs_dvd_cover.jpg</thumbnail>
<fanart></fanart>
<imdb>-</imdb>
<darsteller></darsteller>
<plot>In einem fernen Land, welches von einem blutrünstigen Drachen heimgesucht wird: Die adlige Elenn (Amy De Bhrún) begibt sich auf eine gefährliche Mission mit dem Ziel, ein altes Relikt zur geheimen Krönung des rechtmäßigen Königs des Landes zu bringen. Als ihre sie begleitende Tante von feindlichen Soldaten ermordet wird, heuert sie den Schmuggler Aedin (David Haydn) an. Dieser soll ihr sicheres Geleit gewähren. Schließlich wartet auf der Reise durch das gefährliche Land nicht nur der düstere Magier Corvus (Tim Treloar), der das Relikt für seine eigenen bösen Absichten an sich reißen möchte. Elenn muss alle Kräfte in sich sammeln um die dunkle Macht zu besiegen, ihr Volk zu befreien und dadurch zu einem sagenumwobenen Paladin zu werden ..</plot>
<fsk>16</fsk>
<code>tt1913178</code>
<trailer></trailer>
</item>
<item>
<title>Die Unendliche Geschichte</title>
<link>http://vidplay.net/rk62ayksr9mn</link>
<link>http://www.mightyupload.com/embed-nbb7na38725i-645x353.html</link>
<thumbnail>http://images.cinefacts.de/thumbs/Die-unendliche-Geschichte_dvd_cover.jpg</thumbnail>
<fanart>http://d3gtl9l2a4fn1j.cloudfront.net/t/p/original/kUge2RFShsRF9Qbc7ZNEaa0VFqf.jpg</fanart>
<imdb>7.2</imdb>
<darsteller> Noah Hathaway, Barret Oliver, Tami Stronach</darsteller>
<plot>Auf der Flucht vor ihnen rettet er sich eines Tages in ein Antiquariat, wo er einem alten Buchhändler begegnet, der ihn vor einem geheimnisvollen Buch warnt. Bastian kann nicht widerstehen und “leiht” sich das Buch mit dem seltsamen Titel heimlich aus, um es auf dem dunklen Dachboden der Schule zu lesen. Er gerät in eine abenteuerliche Reise durch Phantasiens Welt der Winzlinge, Rennschnecken, Felsenbeißer und Glücksdrachen, die vom Untergang bedroht ist und verzweifelt nach einem Retter sucht. Phantasien scheint verloren, als Bastian begreift, welche Rolle er in der unendlichen Geschichte spielen kann…</plot>
<fsk>6</fsk>
<code>title</code>
<trailer>plugin://plugin.video.youtube/?action=play_video&amp;videoid=vqeWdDnTVlQ&amp;hd=1</trailer>
</item>
<item>
<title>Percy Jackson Im Bann des Zyklopen (2013)</title>
<link>http://vidplay.net/kzoymvm3p43j</link>
<link>http://www.mightyupload.com/embed-u5fakqkisv6f-645x353.html</link>
<thumbnail>http://s1.directupload.net/images/131102/c95yy7ir.jpg</thumbnail>
<fanart>http://d3gtl9l2a4fn1j.cloudfront.net/t/p/original/bB8WeUkJPZ8gcffwuEiaaEkedzx.jpg</fanart>
<imdb>6.4</imdb>
<darsteller> Logan Lerman, Alexandra Daddario, Brandon T. Jackson</darsteller>
<plot>Percy Jackson (Logan Lerman) ist mehr als ein gewöhnlicher Junge. Vor einiger Zeit fand er heraus, dass er der Sohn des Meeresgottes Poseidon ist. Nachdem er dem Göttervater Zeus seinen Herrscherblitz wieder zurückgebracht hat, kehrt er mit seinem besten Freund Grover Underwood (Brandon T. Jackson) und seiner neuen Begleiterin Annabeth (Alexandra Daddario) ins Camp der Halbgötter zurück. Doch das Lager wird angegriffen, der schützende Wall existiert auf einmal nicht mehr und Grover wird entführt. Nur wenn Percy das Goldene Vlies findet, kann er das Camp retten und seinen besten Freund aus den Fängen des mächtigen Zyklopen befreien. Dazu braucht er die Hilfe von Annabeth und seinem Halbbruder Tyson (Douglas Smith). Zusammen mit seinen Begleitern begibt er sich auf zur tollkühnen Rettungsaktion, die sie zum "Meer der Monster" führt, welches den Menschen auch unter dem Namen "Bermuda-Dreieck" bekannt ist.</plot>
<fsk>12</fsk>
<code>title</code>
<trailer>plugin://plugin.video.youtube/?action=play_video&amp;videoid=0b0RV4eYmxU&amp;hd=1</trailer>
</item>
<item>
<title>Die Schneekönigin (2013)</title>
<link>http://vidplay.net/tiopk6iblpzh</link>
<link>http://www.mightyupload.com/embed-rh7qged1phm3-645x353.html</link>
<thumbnail>http://s14.directupload.net/images/131116/dbnagnss.jpg</thumbnail>
<fanart></fanart>
<imdb>4.8</imdb>
<darsteller> Anna Shurochkina, Ivan Okhlobystin, Galina Tyunina</darsteller>
<plot>Eine seltsame eisige Kraft bedroht schon seit Jahrtausenden die menschliche Existenz. Etwas lauert im eisigen Ödland des Nordens und droht die wichtigste Lebensquelle des Planeten, das Wasser, für alle Zeiten einzufrieren: Die Schneekönigin und ihre dämonischen Heerscharen streben nach der Weltherrschaft. Zwei Gruppen von Abenteurern machen sich 1000 Jahre voneinander getrennt auf, um die Erde und damit die Menschheit zu retten: Die erste Gruppe versucht ihr Glück mit martialischen Waffen und greift die Kreaturen mit Schwertern, schweren Eisenrüstungen und Schildern an. Die zweite Gruppe, die aus der Gegenwart startet, setzt auf moderne Waffen wie Schnellfeuergewehre und panzerbrechende Munition und Granaten. Doch der eisigen Macht der Schneekönigin scheint nichts gewachsen…</plot>
<fsk>0</fsk>
<code>tt2243621</code>
<trailer>plugin://plugin.video.youtube/?action=play_video&amp;videoid=u_v30qPZAG8&amp;hd=1</trailer>
</item>
<item>
<title>Dreamkeeper Teil2</title>
<link>http://vidplay.net/mqdh4o82r1yb</link>
<link>http://www.mightyupload.com/embed-j1ajff1fn6tb-645x353.html</link>
<thumbnail>http://s14.directupload.net/images/131119/bsihh47p.jpg</thumbnail>
<fanart></fanart>
<imdb>7.0</imdb>
<darsteller> August Schellenberg, Eddie Spears, Gary Farmer</darsteller>
<plot>In einem Indianer-Reservat in Süd-Dakota lebt unter anderem Shanes Großvater (August Schellenberg). Der Enkel ist vor kurzem in einige Bedrängnis geraten, da er den falschen Leuten Geld schuldet und kehrt daher zu seinem Großvater zurück. Dieser bittet ihn, ihn mit seinem alten Pony zu einem Indianertreffen in Albuquerque zu begleiten. Obwohl Shane zunächst das Gefühl hat, dass ihm dies nicht unmittelbar weiterhelfen wird, willigt er schließlich ein und auf dem Weg zu dem Treffen beginnt der Großvater das zu tun, was er schon immer am besten konnte: Er erzählt Shane (Eddie Spears) Geschichten. Dabei handelt es sich um weitreichende indianische Sagen über Freundschaft, Liebe und Magie, die Shane mit einer versteckten Symbolik sogar bei seinen Problemen weiterhelfen können. Doch dies erkennt er erst spät.</plot>
<fsk>12</fsk>
<code>tt0309150</code>
<trailer>plugin://plugin.video.youtube/?action=play_video&amp;videoid=gGLNfhtHqWs&amp;hd=1</trailer>
</item>
<item>
<title>Dreamkeeper Teil1</title>
<link>http://vidplay.net/m60s7aa37sgo</link>
<link>http://www.mightyupload.com/embed-kqlf6cuea041-645x353.html</link>
<thumbnail>http://s7.directupload.net/images/131119/78bptx6k.jpg</thumbnail>
<fanart></fanart>
<imdb>7.0</imdb>
<darsteller> Sergey Garmash, Aleksey Gorbunov, Vyacheslav Krikunov</darsteller>
<plot>Der siebzehnjährige Shane Chasing Horse vom Stamm der Lakota Sioux hat keine Lust, seinen alten Opi auf die lange Autoreise zum Powwow nach Albuquerque zu begleiten. Doch weil Schulden bei der Gang drücken und der Alte immer gute Geschichten auf Lager hat, lässt er sich breitschlagen, den Chauffeur zu spielen. Unterwegs machen die beiden interessante Bekanntschaften, und Shane erfährt einiges über die Geschichte seines Volkes und seine Traditionen. Vielleicht, so hofft der Alte, gelingt auf dem Powwow ja eine "Verbindung". Ein alter Indianer führt einen jungen behutsam vom Pfad der Untugend zum Verständnis für die eigene Rolle und Geschichte in diesem prachtvoll ausgestatteten, epischen Roadmovie-TV-Drama von Indianern für Indianer voller Geschichte und Geschichten. Eingebettet in eine ereignisreiche Reise nehmen die Storys des Alten Gestalt an, mal als historisches Westernabenteuer, mal als effektvolle Fantasy-Legende, gern auch beides miteinander vermischt. Erste Wahl für Western- und Indianerfreunde.</plot>
<fsk>12</fsk>
<code>tt0309150</code>
<trailer>plugin://plugin.video.youtube/?action=play_video&amp;videoid=gGLNfhtHqWs&amp;hd=1</trailer>
</item>
</ArrayOfitem>