<?xml version="1.0" encoding="utf-8"?>
<ArrayOfitem>
<item>
<title>IMAX Dinosaurs Alive</title>
<link>http://180upload.com/5oz6v3febnrf</link>
<link>http://www.mightyupload.com/embed-sht4m9ltbxdw-645x353.html</link>
<thumbnail>http://img688.imageshack.us/img688/5866/3964f0d9610a26f5274aa4c.jpg</thumbnail>
<fanart>http://d3gtl9l2a4fn1j.cloudfront.net/t/p/original/fx9Fcfw59G7H5lEFdPCWWOI3n7R.jpg</fanart>
<imdb></imdb>
<darsteller></darsteller>
<plot></plot>
<fsk></fsk>
<code></code>
</item>
<item>
<title>Der Weiße Planet</title>
<link>http://180upload.com/iz24yhtnc515</link>
<link>http://www.mightyupload.com/embed-9dz6luwcd7mu-645x353.html</link>
<thumbnail>http://images.cinefacts.de/DerweiePlanet-Filmbild-54804.jpg</thumbnail>
<fanart>http://d3gtl9l2a4fn1j.cloudfront.net/t/p/original/g3ud70H5udou8hcvNp9EObBRBdf.jpg</fanart>
<imdb></imdb>
<darsteller></darsteller>
<plot></plot>
<fsk></fsk>
<code></code>
</item>
<item>
<title>Superheroes Voll echte Superhelden</title>
<link>http://180upload.com/c3e10r5frzq3</link>
<link>http://www.mightyupload.com/embed-ifhqgn1nm2lw-645x353.html</link>
<thumbnail>http://www.lovefilm.de/lovefilm-de/images/products/8/320278-large.jpg</thumbnail>
<fanart>http://d3gtl9l2a4fn1j.cloudfront.net/t/p/original/4UO5hgEaVmsCx7yLYqoekCNHQwG.jpg</fanart>
<imdb></imdb>
<darsteller></darsteller>
<plot>Man sieht sie jährlich auf der großen Leinwand oder im Kleinformat in Comicheften: Superhelden. Jeder Junge wär im Laufe seines Lebens gern einer, doch so wirklich anpacken wollen das nur wenige. Mike Barnett dokumentiert in diesem Film die wenigen, äußerst exzentrischen Ausnahmen. Dabei begleitet er einige der insgesamt über 300 offiziell in den USA registrierten Superhelden, wie etwa Mr. Xtreme. Hinter dem Pseudonym verbirgt sich ein 33-jähriger Mann, der sich tagsüber in San Diego seinen Lebensunterhalt als Sicherheitsmann verdient und abends zum Albtraum aller Kleinkriminellen wird. Ebenso wird die New York Initiative vorgestellt - eine WG aus vier furchtlosen Verbrechensbekämpfern, die sich die gefährlichen Teile New Yorks vorknöpfen. Barnett geht in seiner Dokumentation den Motiven dieser Verfechter der Gerechtigkeit auf den Grund und fragt, was sie zu ihrem Handeln inspiriert.</plot>
<fsk></fsk>
<code></code>
</item>
<item>
<title>Die Geister der Titanic</title>
<link>http://180upload.com/5clocvcnxwlt</link>
<link>http://www.mightyupload.com/embed-y2fubzqn6wgq-645x353.html</link>
<thumbnail>http://images.cinefacts.de/DieGeisterderTitanic-Cover-219599.jpg</thumbnail>
<fanart>http://d3gtl9l2a4fn1j.cloudfront.net/t/p/original/zvL04vovtDexuNj7kL8HD2GEVS1.jpg</fanart>
<imdb></imdb>
<darsteller> Bill Paxton [als er selbst] | John Broadwater [als er selbst (als Dr. John Broadwater)] | Lori Johnston [als sie selbst (als Dr. Lori Johnston)] | Charles Pellegrino [als er selbst (als Dr. Charles Pellegrino)] | Don Lynch [als er selbst / Thomas Andrews] | Ken Marschall [als er selbst / J. Bruce Ismay] | James Cameron [als er selbst] | Mike Cameron [als er selbst] | Jeffrey N. Ledda [als er selbst] | Corey Jaskolski [als er selbst]</darsteller>
<plot></plot>
<fsk></fsk>
<code></code>
</item>
<item>
<title>Marley</title>
<link>http://vidplay.net/eba3r2d60bo8</link>
<link>http://www.mightyupload.com/embed-8n23al7zebd4-645x353.html</link>
<thumbnail>http://images.cinefacts.de/Marley-Filmbild-68842.jpg</thumbnail>
<fanart></fanart>
<imdb></imdb>
<darsteller> Bob Marley [als er selbst (Archivmaterial)] | Ziggy Marley [als er selbst] | Jimmy Cliff [als er selbst] | Rita Marley [als sie selbst] | Cedella Marley [als sie selbst] | Lee Perry [als er selbst] | Danny Sims [als er selbst] | Chris Blackwell [als er selbst] | Cindy Breakspeare [als sie selbst] | Bunny Wailer [als er selbst (als Neville Bunny Wailer Livingston)]</darsteller>
<plot></plot>
<fsk></fsk>
<code></code>
</item>
<item>
<title>Space Dive The Red Bull Stratos Story 2012</title>
<link>http://180upload.com/xw8cxxv3q6sz</link>
<link>http://www.mightyupload.com/embed-lpsu4g9reeus-645x353.html</link>
<thumbnail>http://www.weltbild.at/media/ab/2/052894004-space-dive-the-red-bull-stratos-story.jpg</thumbnail>
<fanart></fanart>
<imdb></imdb>
<darsteller></darsteller>
<plot></plot>
<fsk></fsk>
<code></code>
</item>
<item>
<title>Faszination Universum  - Groesse</title>
<link>http://180upload.com/8eugzaolsv6d</link>
<link>http://www.mightyupload.com/embed-muhebs1oxp3i-645x353.html</link>
<thumbnail>http://justpic.info/images3/cb77/517ind2uasL.jpg</thumbnail>
<fanart></fanart>
<imdb></imdb>
<darsteller></darsteller>
<plot></plot>
<fsk></fsk>
<code></code>
</item>
<item>
<title>Faszination Universum - Explosionen</title>
<link>http://180upload.com/vc3eqvcl8fz2</link>
<link>http://www.mightyupload.com/embed-jlkupux0ueh4-645x353.html</link>
<thumbnail>http://justpic.info/images3/cb77/517ind2uasL.jpg</thumbnail>
<fanart></fanart>
<imdb></imdb>
<darsteller></darsteller>
<plot></plot>
<fsk></fsk>
<code></code>
</item>
<item>
<title>Faszination Universum  - Geschwindigkeit</title>
<link>http://180upload.com/649q4ghfkm7e</link>
<link>http://www.mightyupload.com/embed-u9mxp52i5bag-645x353.html</link>
<thumbnail>http://justpic.info/images3/cb77/517ind2uasL.jpg</thumbnail>
<fanart></fanart>
<imdb></imdb>
<darsteller></darsteller>
<plot></plot>
<fsk></fsk>
<code></code>
</item>
<item>
<title>Wie Bruce Lee die Welt veränderte</title>
<link>http://180upload.com/b0kj2jxpffj9</link>
<link>http://www.mightyupload.com/embed-p5q01rg6ypev-645x353.html</link>
<thumbnail>http://www.abload.de/img/mit-kampfsport-die-we3cb9g.jpg</thumbnail>
<fanart></fanart>
<imdb></imdb>
<darsteller></darsteller>
<plot></plot>
<fsk></fsk>
<code></code>
</item>
<item>
<title>Journey Into Amazing Caves</title>
<link>http://180upload.com/apxhbpll5ea4</link>
<link>http://www.mightyupload.com/embed-nigl8vv7cx22-645x353.html</link>
<thumbnail>http://www.abload.de/img/journeywmuyf.jpg</thumbnail>
<fanart>http://d3gtl9l2a4fn1j.cloudfront.net/t/p/original/wItFOMm9gmP4gx4xnjQTTtRfXCW.jpg</fanart>
<imdb>6.9</imdb>
<darsteller> Steve Atteberry [als er selbst - Caver] | Nancy Holler Aulenbach [als sie selbst] | Hazel Barton [als sie selbst] | Gordon Brown [als er selbst] | Marty Brown [als er selbst - Caver] | Mark Clippinger [als er selbst - Caver] | Scott Davis [als er selbst - Caver] | Scott Dawson [als er selbst - U.C. Berkeley (als Scott Dawson Ph.D.)] | José R. de la Torre [als er selbst - U.C. Berkeley (als José R. de la Torre Ph.D.)] | Sam Drevo [als er selbst]</darsteller>
<plot>Eine höchst spannende Expedition an Orte, die bislang für Menschen so gut wie unzugänglich waren, erst recht für IMAX-Kameras. Begleiten Sie zwei Wissenschaftler auf eine abenteuerliche Tour in einzigartige Eishöhlen nach Grönland, bedrohliche Unterwasserhöhlen vor der mexikanischen Halbinsel Yucatan, unwirtliche Erdhöhlen im Grand Canyon und an weitere spektakuläre Orte. Sie zwängen sich durch verwundene Passagen, tauchen in unterirdische, geflutete Gewölbe, seilen sich ab in leuchtend blaue Eislabyrinthe und betreten eine Welt, die so extrem und lebensfeindlich ist, dass dort nur einzellige Mikroorganismen existieren können. Spüren Sie selbst die tödliche Gefahr und den Nervenkitzel dieser Entdeckungen und nehmen Sie teil an einem beeindruckenden Naturerlebnis.</plot>
<fsk></fsk>
<code></code>
</item>
<item>
<title>At the Edge – Die Tierwelt am Himalaya</title>
<link>http://180upload.com/6k67jg6xps9v</link>
<link>http://www.mightyupload.com/embed-d07jrmabub9o-645x353.html</link>
<thumbnail>http://images.cinefacts.de/AttheEdgeDieTierweltamHimalaya-Cover-204276.jpg</thumbnail>
<fanart></fanart>
<imdb></imdb>
<darsteller></darsteller>
<plot></plot>
<fsk></fsk>
<code></code>
</item>
<item>
<title>Krieg der Ameisen</title>
<link>http://180upload.com/agfx0zupebi1</link>
<link>http://www.mightyupload.com/embed-9o0se1mmzsib-645x353.html</link>
<thumbnail>http://justpic.info/images3/f489/tvpkriegderameisen.jpg</thumbnail>
<fanart>http://d3gtl9l2a4fn1j.cloudfront.net/t/p/original/uiYEU13rnTyRkX4nHI9frYDkoHI.jpg</fanart>
<imdb></imdb>
<darsteller></darsteller>
<plot></plot>
<fsk></fsk>
<code></code>
</item>
<item>
<title>Kometen auf Erdkurs</title>
<link>http://180upload.com/htg6qrura8ec</link>
<link>http://www.mightyupload.com/embed-5o1euk7gugfs-645x353.html</link>
<thumbnail>http://justpic.info/images3/f17b/dokus.png</thumbnail>
<fanart></fanart>
<imdb></imdb>
<darsteller></darsteller>
<plot></plot>
<fsk></fsk>
<code></code>
</item>
<item>
<title>IGenius Wie Steve Jobs die Welt veränderte</title>
<link>http://180upload.com/c19g95cm6uzr</link>
<link>http://www.mightyupload.com/embed-b9ro68bqz6qo-645x353.html</link>
<thumbnail>http://img.hd-area.org/fullsize/9552a929eb570b1cfe0ce53d944d13ea___NORMAL_pkjfoynp.jpg</thumbnail>
<fanart>http://d3gtl9l2a4fn1j.cloudfront.net/t/p/original/1fMta5eXyAk8eKnY42ORVdUocIr.jpg</fanart>
<imdb>6.3</imdb>
<darsteller> Tom Brokaw [Himself] | Gallop Cindy [Herself] | Price David [Himself] | Benj Gershman [Himself] | Elliot Jay [Himself] | Brown Joe [Himself] |Bohlin Peter [Himself] | Marc Roberge [Himself]</darsteller>
<plot></plot>
<fsk></fsk>
<code></code>
</item>
<item>
<title>The Substance - Albert Hofmanns LSD</title>
<link>http://180upload.com/yriru21yp4ky</link>
<link>http://www.mightyupload.com/embed-cj84c4xtq7rv-645x353.html</link>
<thumbnail>http://s7.directupload.net/images/120815/smrzjbiy.jpg</thumbnail>
<fanart>http://d3gtl9l2a4fn1j.cloudfront.net/t/p/original/9YHXNQ8BD9edBk1Lp2Z23h98KRI.jpg</fanart>
<imdb>6.9</imdb>
<darsteller> Stanislav Grof | Martin A. Lee | James S. Ketchum  | Franz X. Vollenweider  | Carolyn Garcia  | Ralph Metzner | Nick Sand | Roland Griffiths  | Clark Martin  | Albert Hofmann Himself</darsteller>
<plot>LSD wurde 1943 durch den Chemiker Albert Hofmann entdeckt. Er bemerkte, dass er damit nicht nur ein bestimmtes Derivat gefunden hatte, sondern dass dieser Stoff sich auch auf die menschliche Psyche auswirkt. Nachdem die CIA und das US-Militär die Droge zu Testreihen genutzt hat, wurde sie später auch in der Hippie-Bewegung sehr populär. In der Öffentlichkeit wurde die Ablehnung immer größer, sodass der alltägliche Gebrauch als strafbar deklariert wurde. Jedoch wird die Droge noch in der Psychiatrie gezielt eingesetzt.</plot>
<fsk></fsk>
<code></code>
</item>
<item>
<title>Nitro Circus: Der Film</title>
<link>http://180upload.com/ie055iyyq0t5</link>
<link>http://www.mightyupload.com/embed-zx74btfggz4n-645x353.html</link>
<thumbnail>http://images.cinefacts.de/thumbs/Nitro-Circus-Der-Film-Poster-02.jpg</thumbnail>
<fanart>http://d3gtl9l2a4fn1j.cloudfront.net/t/p/original/dDzPum4LNiZvCQsFULHKoFdLEW7.jpg</fanart>
<imdb></imdb>
<darsteller> Travis Pastrana [Himself - Nitro Circus Crew] | Jolene Van Vugt [Herself - Nitro Circus Crew] | Tommy Passemante [Himself - Nitro Circus Crew] | Jim DeChamp [Himself - Nitro Circus Crew] | Greg Powell [Himself - Nitro Circus Crew (as 'Special' Greg Powell)] | Erik Roner [Himself - Nitro Circus Crew] | Jeremy Rawle [Himself - Nitro Circus Crew] | Gregg Godfrey [Himself - Nitro Circus Crew] | Aaron Sauvage [Himself - Nitn todesmutiger und halsbrecherischer Action.</darsteller>
<plot></plot>
<fsk></fsk>
<code></code>
</item>
<item>
<title>Messner 2012</title>
<link>http://180upload.com/e8uvx7pbm7wc</link>
<link>http://www.mightyupload.com/embed-52rmrax2ox7r-645x353.html</link>
<thumbnail>http://images.cinefacts.de/Messner-Filmbild-217862.jpg</thumbnail>
<fanart></fanart>
<imdb></imdb>
<darsteller> Reinhold Messner [Himself] | Maxime Belleville [Hans Kammerlander] | Maurice Cretton [Himself] | Paul Faller [Pfarrer] | Horst Frankhauser [Himself] | Manael Garnier [Hüttenwart] | Ursula Grether-Endres [Herself (as Dr. Ursula Grether-Endres)] | Peter Habeler [Himself] | Hans Kammerlander [Himself] | Friedl Kreckl [Bayerischer Bergsteiger #2]</darsteller>
<plot></plot>
<fsk></fsk>
<code></code>
</item>
<item>
<title>Cocaine Bandits 2</title>
<link>http://vidplay.net/d8ne8blkrkfi</link>
<link>http://www.mightyupload.com/embed-vm7xdvv25khc-645x353.html</link>
<thumbnail>http://images.cinefacts.de/thumbs/CocaineBandits2-Cover-210877.jpg</thumbnail>
<fanart></fanart>
<imdb></imdb>
<darsteller> Pablo Escobar [Himself (archive footage)] | Luis Carlos Galán [Himself (archive footage)] | Sebastian Marroquín [Himself, son of Pablo Escobar] | María Isabel Santos [Herself, widow of Pablo Escobar]</darsteller>
<plot></plot>
<fsk></fsk>
<code></code>
</item>
<item>
<title>Schimpansen 2012</title>
<link>http://180upload.com/wf1wv8zcf7oo</link>
<link>http://www.mightyupload.com/embed-15swduwafxzc-645x353.html</link>
<thumbnail>http://images.cinefacts.de/thumbs/Schimpansen-Poster.jpg</thumbnail>
<fanart>http://d3gtl9l2a4fn1j.cloudfront.net/t/p/original/30KRxEMI7cykynsUE6BVLyOxh5H.jpg</fanart>
<imdb></imdb>
<darsteller> Tim Allen [Narrator (voice)]</darsteller>
<plot></plot>
<fsk></fsk>
<code></code>
</item>
<item>
<title>Klitschko</title>
<link>http://180upload.com/1d9spqtjrog5</link>
<link>http://www.mightyupload.com/embed-5zkc24wa6xv9-645x353.html</link>
<thumbnail>http://www.bilder-upload.eu/upload/2e7a59-1371282550.jpg</thumbnail>
<fanart></fanart>
<imdb>7.7</imdb>
<darsteller> Lamon Brewster [Himself] | Chris Byrd [Himself] | Bernd Bönte [Himself] | Pearlman Hicks [Himself (as Dr. Pearlman Hicks)] | Don King [Himself (archive footage)] | Nadeshda Uljanowna Klitschko [Herself] | Natalia Klitschko [Herself] | Vitali Klitschko [Himself] | Wladimir Klitschko [Himself] | Klaus-Peter Kohl [Himself]</darsteller>
<plot>Der Dokumentarfilm beleuchtet den Werdegang von Vitali und Vladimir Klitschko, die es aus ärmlichen Verhältnissen in der Ukraine zum berühmtesten Brüderpaar im Boxsport gebracht haben. Im Laufe des Films kommen viele aktuelle und ehemalige Wegbegleiter wie Trainer, Gegner und sogar ihre Eltern zu Wort und so beleuchtet die Dokumentation, auch anhand bislang unveröffentlichtem Materials, neben ihrer einmaligen sportlichen Karriere auch die eher unbekannte private Seite der beiden Akademiker.</plot>
<fsk>12</fsk>
<code></code>
</item>
<item>
<title>Die Vorzeichen der Apokalypse</title>
<link>http://180upload.com/6prrs9r0myqf</link>
<link>http://www.mightyupload.com/embed-em4yuhs7mrxu-645x353.html</link>
<thumbnail>http://www.bilder-upload.eu/upload/412fbf-1371373687.jpg</thumbnail>
<fanart></fanart>
<imdb></imdb>
<darsteller></darsteller>
<plot>Die Welt hat heutzutage mit Problemen zu kämpfen, die in ihrer Geschichte einzigartig sind: beginnend bei der Finanzkrise über technologische Probleme bis zu computergestützten, weltweiten Kriegen. Aufgrund des relativ zeitnahen Auftretens dieser Ereignisse melden sich nun Propheten zu Wort. Sie vermuten, dass all diese Ereignisse ein Zeichen für den Niedergang unserer modernen Gesellschaft darstellen.</plot>
<fsk></fsk>
<code></code>
</item>
<item>
<title>Weed Bandits 3</title>
<link>http://180upload.com/ch5ngfdefk0x</link>
<link>http://www.mightyupload.com/embed-w2g2xdd3n5r2-645x353.html</link>
<thumbnail>http://images.cinefacts.de/thumbs/Weed-Bandits-3_dvd_cover.jpg</thumbnail>
<fanart></fanart>
<imdb>6.6</imdb>
<darsteller> Chris Bennet [Himself - Pot Historian, Emery Supporter] | Rodney Benson [Himself - EA Special Agent, Seattle] | Pierre-Yves Bourduas [Himself - RCMP Deputy Commissioner] | Jerry Cameron [Himself - Former Police Chief, Fernandina Beach, Florida - ret.] | Larry Campbell [Himself - Senator, Former Mayor of Vancouver] | Jean Chrétien [Himself (Prime Minister)] | Libby Davies [Herself (Member of Parliament, NDP)] | Ian Donaldson [Himself - Marc Emery's Trial Attorney] | Jodie Emery [Herself] | Marc Emery [Himself]</darsteller>
<plot>Marc Emery ist seinen kanadischen Landsleuten seit langem eher als “Prince of Pot” bekannt. Seinen Namen hat er sich im Laufe seines Lebens als Marihuana-Aktivist angeeignet und ihn in seinem Heimatland berühmt gemacht. Doch jetzt sieht er sich einer Auslieferung an die USA und einer lebenslangen Freiheitsstrafe gegenüber. Dieser Fall befasst sich jedoch schon bald nicht mehr nur mit den Rechten eines Marihuana-Aktivisten. Auch die Souveränität Kanadas in einer Welt, die von ihrem südlichen Nachbarn beherrscht wird, rückt in den Mittelpunkt.</plot>
<fsk>16</fsk>
<code></code>
</item>
<item>
<title>Flow - Wasser ist Leben</title>
<link>http://vidplay.net/y0lytc4axqr6</link>
<link>http://www.mightyupload.com/embed-taneveeswlsq-645x353.html</link>
<thumbnail>http://s7.directupload.net/images/130623/haf29m63.jpg</thumbnail>
<fanart></fanart>
<imdb></imdb>
<darsteller> Bill Alexander [Himself - Thames Water] | Maude Barlow [Herself - Author, Blue Gold] | Basil Bold [Himself - Managing Director, Invensys Metering Systems] | Shelly Brime [Herself] | Anthony Burgmans [Himself] | Kent Butler [Himself - University of Texas (as Dr. Kent Butler)] | Michel Camdessus [Himself - Former Director, International Monetary Fund] | Charles-Louis de Maud'huy [Himself - Vivendi Environmentalist] | Ashwin Desai [Himself - Author, We are the Poor] | Siddharaj Dhadda [Himself - Gandhian Leader]</darsteller>
<plot></plot>
<fsk></fsk>
<code></code>
</item>
<item>
<title>Die Ozeane - Geheimnisse der Weltmeere E01 Die Entstehung der Ozeane</title>
<link>http://vidplay.net/f2u1byr9nqge</link>
<link>http://www.mightyupload.com/embed-l16z7a48lwjd-645x353.html</link>
<thumbnail>http://s14.directupload.net/images/130630/n4li9hiq.jpg</thumbnail>
<fanart></fanart>
<imdb></imdb>
<darsteller></darsteller>
<plot></plot>
<fsk></fsk>
<code></code>
</item>
<item>
<title>Die Ozeane - Geheimnisse der Weltmeere E02 Der Mensch und das Meer</title>
<link>http://vidplay.net/e6x0ls0cva1l</link>
<link>http://www.mightyupload.com/embed-keush0idocht-645x353.html</link>
<thumbnail>http://s14.directupload.net/images/130630/n4li9hiq.jpg</thumbnail>
<fanart></fanart>
<imdb></imdb>
<darsteller></darsteller>
<plot></plot>
<fsk></fsk>
<code></code>
</item>
<item>
<title>Die Ozeane - Geheimnisse der Weltmeere E03 Die Geheimnisse der Tiefe</title>
<link>http://vidplay.net/p6txtuz92cv6</link>
<link>http://www.mightyupload.com/embed-mryujdjpg8vp-645x353.html</link>
<thumbnail>http://s1.directupload.net/images/130701/qy2hz5sz.jpg</thumbnail>
<fanart></fanart>
<imdb></imdb>
<darsteller></darsteller>
<plot></plot>
<fsk></fsk>
<code></code>
</item>
<item>
<title>Die Ozeane - Geheimnisse der Weltmeere E04 Ozeane im Klimawandel</title>
<link>http://vidplay.net/l1sfv8pavy8z</link>
<link>http://www.mightyupload.com/embed-sf0jtjp7nhr4-645x353.html</link>
<thumbnail>http://s1.directupload.net/images/130701/qy2hz5sz.jpg</thumbnail>
<fanart></fanart>
<imdb></imdb>
<darsteller></darsteller>
<plot></plot>
<fsk></fsk>
<code></code>
</item>
<item>
<title>Bionik - Die besten Ideen der Natur: Wahrnehmung</title>
<link>http://vidplay.net/elrz1623ppc0</link>
<link>http://www.mightyupload.com/embed-aj05f0b42sp9-645x353.html</link>
<thumbnail>http://www.bilder-upload.eu/upload/57df1e-1373383518.jpg</thumbnail>
<fanart>http://d3gtl9l2a4fn1j.cloudfront.net/t/p/original/julu6nycTTqXNymtN5iDIeCkuQK.jpg</fanart>
<imdb></imdb>
<darsteller></darsteller>
<plot>Diese innovative und spektakuläre 3-teilige Serie zeigt, wie Vorbilder aus der Natur den Menschen und seine Maschinen schneller, schlauer und effizienter machen können.Ob in Eiswüsten, in Tausenden Metern Wassertiefe oder auf den höchsten Gebirgen – um zu überleben, brauchen Tiere die denkbar beste, widerstandsfähigste und raffinierteste Ausrüstung. In den vergangenen dreieinhalb Milliarden Jahren musste die Evolution dabei immer neue, immer gewieftere Baupläne und Rezepturen entwickeln.Wenn wir Menschen die Natur beobachten, finden wir deshalb viele unserer eigenen kniffligsten technischen Probleme bereits gelöst. Wir müssen nur ganz genau hinsehen.</plot>
<fsk></fsk>
<code></code>
</item>
<item>
<title>Bionik - Die besten Ideen der Natur: Extreme</title>
<link>http://vidplay.net/7uin4f4uj0bu</link>
<link>http://www.mightyupload.com/embed-uqyimfdcjpci-645x353.html</link>
<thumbnail>http://www.bilder-upload.eu/upload/57df1e-1373383518.jpg</thumbnail>
<fanart>http://d3gtl9l2a4fn1j.cloudfront.net/t/p/original/julu6nycTTqXNymtN5iDIeCkuQK.jpg</fanart>
<imdb></imdb>
<darsteller></darsteller>
<plot>Diese innovative und spektakuläre 3-teilige Serie zeigt, wie Vorbilder aus der Natur den Menschen und seine Maschinen schneller, schlauer und effizienter machen können.Ob in Eiswüsten, in Tausenden Metern Wassertiefe oder auf den höchsten Gebirgen – um zu überleben, brauchen Tiere die denkbar beste, widerstandsfähigste und raffinierteste Ausrüstung. In den vergangenen dreieinhalb Milliarden Jahren musste die Evolution dabei immer neue, immer gewieftere Baupläne und Rezepturen entwickeln.Wenn wir Menschen die Natur beobachten, finden wir deshalb viele unserer eigenen kniffligsten technischen Probleme bereits gelöst. Wir müssen nur ganz genau hinsehen.</plot>
<fsk></fsk>
<code></code>
</item>
<item>
<title>Bionik - Die besten Ideen der Natur: Wettruesten</title>
<link>http://vidplay.net/0vme5m2vgcue</link>
<link>http://www.mightyupload.com/embed-laif5ekbt604-645x353.html</link>
<thumbnail>http://www.bilder-upload.eu/upload/57df1e-1373383518.jpg</thumbnail>
<fanart>http://d3gtl9l2a4fn1j.cloudfront.net/t/p/original/julu6nycTTqXNymtN5iDIeCkuQK.jpg</fanart>
<imdb></imdb>
<darsteller></darsteller>
<plot>Diese innovative und spektakuläre 3-teilige Serie zeigt, wie Vorbilder aus der Natur den Menschen und seine Maschinen schneller, schlauer und effizienter machen können.Ob in Eiswüsten, in Tausenden Metern Wassertiefe oder auf den höchsten Gebirgen – um zu überleben, brauchen Tiere die denkbar beste, widerstandsfähigste und raffinierteste Ausrüstung. In den vergangenen dreieinhalb Milliarden Jahren musste die Evolution dabei immer neue, immer gewieftere Baupläne und Rezepturen entwickeln.Wenn wir Menschen die Natur beobachten, finden wir deshalb viele unserer eigenen kniffligsten technischen Probleme bereits gelöst. Wir müssen nur ganz genau hinsehen.</plot>
<fsk></fsk>
<code></code>
</item>
<item>
<title>Trainer! 2013</title>
<link>http://vidplay.net/7bqfvw1knieo</link>
<link>http://www.mightyupload.com/embed-hyvdwimmr0kr-645x353.html</link>
<thumbnail>http://images.cinefacts.de/thumbs/Trainer-Poster.jpg</thumbnail>
<fanart></fanart>
<imdb>7.2</imdb>
<darsteller> Rachid Azzouzi [Himself] | Fabian Boll [Himself] | Michael Born [Himself] | Marius Ebbers [Himself] | Wilfried Finke [Himself] | Jürgen Klopp [Himself] | Marc Kosicke [Himself] | Lukas Kruse [Himself] | Bruno Labbadia [Himself (archive footage)] | Felix Magath [Himself (archive footage)]</darsteller>
<plot>Deutschland ist längst das Land der Taktikfüchse, selbst ernannten Bundestrainer und Sofa-Zampanos. Die wenigen Auserwählten, die diesem nationalen Lieblings-Hobby professionell und hoch bezahlt nachgehen dürfen, stehen nicht zuletzt deshalb im Beurteilungs-Fokus der fußball-verrückten Massen. Profi-Trainer agieren im Epizentrum der modernen Medienmaschinerie. Im ohnehin völlig irrationalen Fußball-Business. Die oberflächliche und tendenziöse Berichterstattungskultur einiger Medien fördert diese Stimmung der Unsachlichkeit. Der Druck steigt dabei oftmals ins Unermessliche. Doch worauf kommt es in diesem Beruf wirklich an? Über den - vermeintlich - jeder schon alles weiß, es meistens sogar besser wissen will. Der Dokumentarfilm Trainer! ist eine Annäherung an diesen unnahbaren Beruf. Von der Ausbildung zum Fußballlehrer bis in die Spitze des deutschen Fußballs. Eine filmische Reise durch die Trainer-Republik.</plot>
<fsk>0</fsk>
<code></code>
</item>
<item>
<title>History Das Wikinger Rätsel</title>
<link>http://vidplay.net/v6jpcovqqwfo</link>
<link>http://www.mightyupload.com/embed-wdx68i0bmffh-645x353.html</link>
<thumbnail>http://www.bilder-upload.eu/upload/bd16a7-1373907222.jpg</thumbnail>
<fanart></fanart>
<imdb></imdb>
<darsteller></darsteller>
<plot>Noch nie hat man Männer von derartiger Größe und Stärke auf einem Schlachtfeld liegen sehen." So beschreibt ein Zeitgenosse jene Krieger, die vom 8. bis ins 11. Jahrhundert die Welt in Atem hielten: Auf der Suche nach Land, Sklaven, Gold und Silber fielen die Wikinger von Skandinavien aus über ganz Europa her. Sie plünderten und brachten den Tod, aber sie gründeten auch Siedlungen in Grönland, erreichten Amerika lange vor Christoph Kolumbus und brachten mächtige Herrscher hervor</plot>
<fsk>0</fsk>
<code></code>
</item>
<item>
<title>Das digitale Ich-Computer Menschen Emotionen</title>
<link>http://vidplay.net/pt14lkgc6ec6</link>
<link>http://www.mightyupload.com/embed-97ghb32fe8bg-645x353.html</link>
<thumbnail>http://www.bilder-upload.eu/upload/3d32a7-1374516528.png</thumbnail>
<fanart></fanart>
<imdb></imdb>
<darsteller></darsteller>
<plot></plot>
<fsk></fsk>
<code></code>
</item>
<item>
<title>IMAX Adrenaline Rush - The Science of Risk</title>
<link>http://vidplay.net/5fxneyyvci29</link>
<link>http://www.mightyupload.com/embed-gla0mkivdm9m-645x353.html</link>
<thumbnail>http://www.bilder-upload.eu/upload/f47a0b-1375094664.jpg</thumbnail>
<fanart></fanart>
<imdb>6.8</imdb>
<darsteller> Charles Bryan | Jon Devore | George Morris | Adrian Nicholas | Katarina Olikainen | Mike Vail </darsteller>
<plot>Adrenalin-Rausch begleiten die Zuschauer den "Thrillseeker" - den Adrenalinjunkie. Die Zuschauer koennen ihm beim faszinierenden Skydiving aus mehreren Hundert Metern zuschauen - wie er nur Meter vor dem Boden seinen Fallschirm spannt und wieder sicher auf der Erde landet.</plot>
<fsk>0</fsk>
<code>tt0353164</code>
</item>
<item>
<title>IMAX Alaska Die rauhe Eiswelt</title>
<link>http://vidplay.net/xf4dz5vtqiws</link>
<link>http://www.mightyupload.com/embed-s1choqdk2rew-645x353.html</link>
<thumbnail>http://s7.directupload.net/images/130730/luk3dwf6.jpg</thumbnail>
<fanart></fanart>
<imdb></imdb>
<darsteller></darsteller>
<plot></plot>
<fsk></fsk>
<code></code>
</item>
<item>
<title>IMAX Die Alpen</title>
<link>http://vidplay.net/jxr7wio0kikc</link>
<link>http://www.mightyupload.com/embed-wdtnlxgzl7k3-645x353.html</link>
<thumbnail>http://s14.directupload.net/images/130731/bjf683va.jpg</thumbnail>
<fanart>http://d3gtl9l2a4fn1j.cloudfront.net/t/p/original/7pTuLH8gZZELKv7dasSnOtbcdd.jpg</fanart>
<imdb></imdb>
<darsteller></darsteller>
<plot></plot>
<fsk></fsk>
<code></code>
</item>
<item>
<title>IMAX Bugs Abenteuer Regenwald</title>
<link>http://vidplay.net/jvrqwsztb4dn</link>
<link>http://www.mightyupload.com/embed-2ysmzi9qm70b-645x353.html</link>
<thumbnail>http://s7.directupload.net/images/130802/836ervnm.jpg</thumbnail>
<fanart>http://d3gtl9l2a4fn1j.cloudfront.net/t/p/original/9GfwuL09fTav26HRDJuQBtFte6b.jpg</fanart>
<imdb></imdb>
<darsteller></darsteller>
<plot></plot>
<fsk></fsk>
<code></code>
</item>
<item>
<title>IMAX Ocean Wonderland</title>
<link>http://vidplay.net/8of0e9kooqm3</link>
<link>http://www.mightyupload.com/embed-v1puo7zo7c82-645x353.html</link>
<thumbnail>http://s7.directupload.net/images/130804/fne3e622.jpg</thumbnail>
<fanart>http://d3gtl9l2a4fn1j.cloudfront.net/t/p/original/dbc2gIYRFU5VkkeFOS6rtd550P2.jpg</fanart>
<imdb></imdb>
<darsteller></darsteller>
<plot></plot>
<fsk></fsk>
<code></code>
</item>
<item>
<title>IMAX Ocean Oasis Two Worlds One Paradise</title>
<link>http://vidplay.net/4w3jii2a6ks7</link>
<link>http://www.mightyupload.com/embed-9r0qan5yrr0v-645x353.html</link>
<thumbnail>http://s7.directupload.net/images/130805/pw6vztjy.jpg</thumbnail>
<fanart></fanart>
<imdb></imdb>
<darsteller></darsteller>
<plot></plot>
<fsk></fsk>
<code></code>
</item>
<item>
<title>IMAX Sea Rex</title>
<link>http://vidplay.net/j0cehpaveon8</link>
<link>http://www.mightyupload.com/embed-xbnhxonlx84t-645x353.html</link>
<thumbnail>http://s7.directupload.net/images/130806/xadaujoq.jpg</thumbnail>
<fanart>http://d3gtl9l2a4fn1j.cloudfront.net/t/p/original/aH9LKdmjU41ABQJv3qTyKZe0DaE.jpg</fanart>
<imdb></imdb>
<darsteller></darsteller>
<plot></plot>
<fsk></fsk>
<code></code>
</item>
<item>
<title>IMAX Space Station</title>
<link>http://vidplay.net/id061g2mrhj2</link>
<link>http://www.mightyupload.com/embed-ly6cfybnhe9a-645x353.html</link>
<thumbnail>http://images.cinefacts.de/thumbs/IMAXSpaceCollection-Cover-166613.jpg</thumbnail>
<fanart>http://d3gtl9l2a4fn1j.cloudfront.net/t/p/original/3oc4nMu2mtSnlxTGioBwEhvEN2y.jpg</fanart>
<imdb></imdb>
<darsteller></darsteller>
<plot></plot>
<fsk></fsk>
<code></code>
</item>
<item>
<title>IMAX Mummies Secret of the Pharaohs</title>
<link>http://vidplay.net/vmndaoulmjxb</link>
<link>http://www.mightyupload.com/embed-m4ck4pu3cjk8-645x353.html</link>
<thumbnail>http://s7.directupload.net/images/130808/4lfzxaml.jpg</thumbnail>
<fanart>http://d3gtl9l2a4fn1j.cloudfront.net/t/p/original/nM9TOn5J96D82312OaQpjocoqso.jpg</fanart>
<imdb>6.3</imdb>
<darsteller> Elana Drago | William Hope | Nasser Memarzia</darsteller>
<plot>Der Film greift die große und nachhaltende Faszination auf, die Mumien seit jeher auf Menschen ausüben. Eine Faszination, die wahrscheinlich so alt ist wie die Mumien selbst. Eine schier unglaubliche Anzahl an Mumien wurde in der lange zurückreichenden Geschichte Ägyptens präpariert. Der 3D-Film entschlüsselt dabei einige der Rätsel und Mythen, die sich um königliche Mumien ranken. Wie wurden sie einbalsamiert? Wo wurden sie versteckt? Außerdem rekonstruiert „Mumien 3D“ die dramatische Geschichte ihrer Wiederentdeckung. Eine spannende Erzählung im Stile von Indiana Jones mit Grabräubern und einem verborgenen Schatz, der zu einem der bedeutendsten archäologischen Funde der jüngeren Geschichte hinführen sollte. Wissenschaftler wie der Ägyptologe Dr. Bob Brier und Dr. Zahi Hawass, Generalsekretär der ägyptischen Antikenverwaltung, sowie DNS-Wissenschaftlerin Angelique Corthals stellen die Verbindung zur Forschung her. So erklärt der Film etwa, wie durch die Gen-Analyse Jahrtausendealter Mumien Erkenntnisse für die Erforschung moderner Krankheiten gewonnen werden können.</plot>
<fsk>0</fsk>
<code>tt0922522</code>
</item>
<item>
<title>IMAX Wolves - Lords of the Forests</title>
<link>http://vidplay.net/q5o5z6v6xy13</link>
<link>http://www.mightyupload.com/embed-nbyyoxpia4i9-645x353.html</link>
<thumbnail>http://images.cinefacts.de/thumbs/WolvesLordsoftheForests-Cover-206363.jpg</thumbnail>
<fanart>http://d3gtl9l2a4fn1j.cloudfront.net/t/p/original/daixDXltUUzdNopGWsqpdB9yrd9.jpg</fanart>
<imdb>6.1</imdb>
<darsteller> Robbie Robertson | Troy Hyde | Lilly Antonecchia | Bob Landis | Roslyn Schwartz | Douglas Smith </darsteller>
<plot>Kommen Sie mit auf eine Reise in die Welt der Wölfe mit einzigartigem und kaum gesehenem Filmmaterial über eines der gefährlichsten Raubtiere in Nordamerika: Canis Lupus. Der bewegende Soundtrack mit traditioneller Musik der amerikanischen Ureinwohner unterstützt die Wirkung dieser bemerkenswerten Geschichte über eins der zähesten Tiere der Welt. Gedreht an Orten wie dem Yellowstone Nationalpark, Montana, Idaho, Alaska und Quebec bietet uns der Film WOLVES Hoffnung, Inspiration und einen Blick darauf, was Menschen bewirken können, wenn sie daran arbeiten, einige von Menschen gemachten Fehler zu korrigieren, welche die Natur gefährden.</plot>
<fsk>0</fsk>
<code>tt0226648</code>
</item>
<item>
<title>IMAX Dinosaurier Fossilien zum Leben erweckt</title>
<link>http://vidplay.net/rgbdlg2z9qyd</link>
<link>http://www.mightyupload.com/embed-ccwzb6i0xb5j-645x353.html</link>
<thumbnail>http://s7.directupload.net/images/130809/elqfunob.jpg</thumbnail>
<fanart></fanart>
<imdb></imdb>
<darsteller></darsteller>
<plot></plot>
<fsk></fsk>
<code></code>
</item>
<item>
<title>IMAX Ride Around the World</title>
<link>http://vidplay.net/6q8cwyco1gf8</link>
<link>http://www.mightyupload.com/embed-ow2ej95k718u-645x353.html</link>
<thumbnail>http://s14.directupload.net/images/130810/ahljymqm.jpg</thumbnail>
<fanart>http://d3gtl9l2a4fn1j.cloudfront.net/t/p/original/eljicycqSsyXtSDMLL8rlhe0zaF.jpg</fanart>
<imdb></imdb>
<darsteller></darsteller>
<plot></plot>
<fsk></fsk>
<code></code>
</item>
<item>
<title>IMAX Grand Canyon Adventure</title>
<link>http://vidplay.net/iiribrx87ho2</link>
<link>http://www.mightyupload.com/embed-bllu33dhsjxa-645x353.html</link>
<thumbnail>http://s14.directupload.net/images/130811/l7picban.jpg</thumbnail>
<fanart>http://d3gtl9l2a4fn1j.cloudfront.net/t/p/original/iOdOUZVOaAywlPHVZJVSVH9zyzK.jpg</fanart>
<imdb></imdb>
<darsteller></darsteller>
<plot></plot>
<fsk></fsk>
<code></code>
</item>
<item>
<title>IMAX The Ultimate Wave Tahiti</title>
<link>http://vidplay.net/7klk5keyexcd</link>
<link>http://www.mightyupload.com/embed-u9q23zbp4v0l-645x353.html</link>
<thumbnail>http://s7.directupload.net/images/130812/vdn8jlv3.jpg</thumbnail>
<fanart>http://d3gtl9l2a4fn1j.cloudfront.net/t/p/original/vJ7633Fph7TGbMaepkudde6VXrT.jpg</fanart>
<imdb></imdb>
<darsteller></darsteller>
<plot></plot>
<fsk></fsk>
<code></code>
</item>
<item>
<title>IMAX Ocean Men - Kampf in der Tiefe</title>
<link>http://vidplay.net/7bmaocrvs320</link>
<link>http://www.mightyupload.com/embed-lq461wsfiyfm-645x353.html</link>
<thumbnail>http://www.bilder-upload.eu/upload/9f79bc-1376407297.jpg</thumbnail>
<fanart>http://d3gtl9l2a4fn1j.cloudfront.net/t/p/original/1RaTh2VWo3E1vwzRPcKkJD6bMCE.jpg</fanart>
<imdb>6.9</imdb>
<darsteller> Pipin Ferreras | Umberto Pelizzari | Mose Richards</darsteller>
<plot>„Ocean Men“ entführt mit atemberaubenden Unterwasseraufnahmen und verzaubernder Musik in eine Welt, die bisher den Freedivern vorbehalten war. Der Film erzählt die faszinierende Geschichte zweier Taucher und ihrer einzigartigen Beziehung zum Meer. Pipin Ferreras und Umberto Pelizzari, die Weltmeister im Apnoetauchen – mit nur einem Atemzug in den Lungen tauchen sie mehr als 160 Meter in die unendlichen Tiefen hinab. Ihre Passion wird getragen von dem Willen, den Rivalen und die eigenen physischen Grenzen zu überwinden. Was sie vereint, ist ihre kompromisslose Liebe zum Meer. Was sie entzweit, sind ihre Charaktere und ihre Tauchphilosophien, die unterschiedlicher nicht sein könnten. Der Italiener Pipin ist der No-Limits-Mann, den es in die grössten Tiefen treibt. Der Kubaner Umberto, der Purist, möchte eins werden mit dem Element Wasser. Blicken Sie in die Seelen dieser Tauchkontrahenten und spüren Sie die unstillbare Sehnsucht, in die tiefblaue Welt von Gefahr und unbeschreiblicher Schönheit hinabzugleiten …</plot>
<fsk>0</fsk>
<code>tt0330713</code>
</item>
<item>
<title>IMAX Solarmax - Die Sonne lebt!</title>
<link>http://vidplay.net/6zbt7hbyg43m</link>
<link>http://www.mightyupload.com/embed-kzxrf4hadmqp-645x353.html</link>
<thumbnail>http://www.bilder-upload.eu/upload/74a4af-1376409691.jpg</thumbnail>
<fanart>http://d3gtl9l2a4fn1j.cloudfront.net/t/p/original/xameOHNhEduDjIcC2sBcxWLZmDb.jpg</fanart>
<imdb>6.5</imdb>
<darsteller> Alex Scott | </darsteller>
<plot>Die Sonne ist nicht nur ein Stern, sie ist ein Mysterium, geheimnisvoll und sehr lebendig." Schon für viele frühere Kulturen war die Sonne das Zentrum des Glaubens und der Motor des Lebens. Doch nie verstand man, warum sie sich so verwandlungsfähig zeigte und den Himmel auch nachts zum Leuchten bringen konnte. Jetzt ist es an der Zeit für einen neuen Blick. Nun ist es uns möglich, mit den Teleskopen moderner Satelliten das Universum und die Sonne so zu betrachten, wie es uns vorher nicht möglich war. Zum ersten Mal können wir diesen Stern wirklich studieren, während eines brutalen Sonnensturms - dem "Solarmax"! Alle hier gezeigten Bilder wurden real gefilmt und entstammen nicht einer Computeranimation, was bei den unglaublichen Aufnahmen kaum vorstellbar erscheint...</plot>
<fsk>0</fsk>
<code>tt0177240</code>
</item>
<item>
<title>IMAX The Lost Worlds Life in the Balance</title>
<link>http://vidplay.net/iwejhk5invk7</link>
<link>http://www.mightyupload.com/embed-qkmuny144duw-645x353.html</link>
<thumbnail>http://www.bilder-upload.eu/upload/a3e84e-1376499524.jpg</thumbnail>
<fanart>http://d3gtl9l2a4fn1j.cloudfront.net/t/p/original/8Fwdoe8soOtn1oqGFvmMF8RmRJD.jpg</fanart>
<imdb>6.7</imdb>
<darsteller> Paulina B. Abarca | Harrison Ford | </darsteller>
<plot>Im tiefsten Dschungel Guatemalas durchstreift ein schwarzer Jaguar, die verlassenen Ruinen der Mayastadt Tikal. Was können uns diese Ruinen ueber unsere eigene Gesellschaft und unsere Städte erzählen? Und genau dort versucht die herausragende IMAX Praesentation “Lost Worlds – Life in the Balance” anzusetzen, um auf die grundlegenden Fragen des Lebens eine Antwort zu finden. Zusammen mit Harrison Ford (Indiana Jones 1-4, Star Wars 1-3), welcher Ihnen als Erzähler zur Seite steht, kommen sie den letzten Geheimnissen unserer Vergangenheit auf die Spur.</plot>
<fsk>12</fsk>
<code>tt0264809</code>
</item>
<item>
<title>IMAX Mission to Mir</title>
<link>http://vidplay.net/g5owna81uena</link>
<link>http://www.mightyupload.com/embed-km3ydswp86yj-645x353.html</link>
<thumbnail>http://s14.directupload.net/images/130815/gnusm4lw.jpg</thumbnail>
<fanart>http://d3gtl9l2a4fn1j.cloudfront.net/t/p/original/enrK7RiKA2FBjVIT1LH2NOjdeTm.jpg</fanart>
<imdb></imdb>
<darsteller></darsteller>
<plot></plot>
<fsk></fsk>
<code></code>
</item>
<item>
<title>IMAX Amazing Journeys</title>
<link>http://vidplay.net/l57bcvct2ly7</link>
<link>http://www.mightyupload.com/embed-tkw16d3jtut6-645x353.html</link>
<thumbnail>http://s7.directupload.net/images/130816/xd6inktg.jpg</thumbnail>
<fanart>http://d3gtl9l2a4fn1j.cloudfront.net/t/p/original/ui62xxvzmgIrncwYlKTrCmhdCgd.jpg</fanart>
<imdb></imdb>
<darsteller></darsteller>
<plot></plot>
<fsk></fsk>
<code></code>
</item>
<item>
<title>IMAX Cosmic Voyage</title>
<link>http://vidplay.net/wsublqv92rys</link>
<link>http://www.mightyupload.com/embed-8az8pp6kyb5s-645x353.html</link>
<thumbnail>http://s14.directupload.net/images/130817/rmozarvy.jpg</thumbnail>
<fanart>http://d3gtl9l2a4fn1j.cloudfront.net/t/p/original/gpluKMHppUHpvH7K8YGyoAwUWXH.jpg</fanart>
<imdb></imdb>
<darsteller></darsteller>
<plot></plot>
<fsk></fsk>
<code></code>
</item>
<item>
<title>IMAX Destiny in Space</title>
<link>http://vidplay.net/7mufwkjlymns</link>
<link>http://www.mightyupload.com/embed-w0o4otzc6mk8-645x353.html</link>
<thumbnail>http://s1.directupload.net/images/130818/xyrrugvh.jpg</thumbnail>
<fanart>http://d3gtl9l2a4fn1j.cloudfront.net/t/p/original/kaHhhkyxETgDtDO8z7fZErn20mO.jpg</fanart>
<imdb></imdb>
<darsteller></darsteller>
<plot></plot>
<fsk></fsk>
<code></code>
</item>
<item>
<title>IMAX Hurricane on.the Bayou</title>
<link>http://vidplay.net/l5i958jcck13</link>
<link>http://www.mightyupload.com/embed-s6xdsp75jzzi-645x353.html</link>
<thumbnail>http://s1.directupload.net/images/130819/m5ycmmmo.jpg</thumbnail>
<fanart></fanart>
<imdb></imdb>
<darsteller></darsteller>
<plot></plot>
<fsk></fsk>
<code></code>
</item>
<item>
<title>IMAX Dinosaurs Giants of Patagonia</title>
<link>http://vidplay.net/bmqcghb12rod</link>
<link>http://www.mightyupload.com/embed-06m3tjg435pq-645x353.html</link>
<thumbnail>http://s14.directupload.net/images/130820/hw37vufp.jpg</thumbnail>
<fanart>http://d3gtl9l2a4fn1j.cloudfront.net/t/p/original/4yYsArlFUwKHqUOUQ6oASetrXTC.jpg</fanart>
<imdb>6.1</imdb>
<darsteller> Donald Sutherland, Rodolfo Coria</darsteller>
<plot>Vor Millionen von Jahren beherrschten sie die Erde – und feiern nun in der dritten Dimension eine Wiederbelebung. Als Zuschauer der IMAX-Dokumentation wird man einerseits nach Argentinien der heutigen Zeit entführt und darf einige Ausgrabungsstätten beobachten, gleichzeitig laden die Macher auch in das Patagonien vor 65 Millionen Jahren ein, wo mit dem Argentinosaurier der größte an Land lebende Pflanzenfresser herrschte. Für ihn waren selbst die riesigen Giganotosaurier nur selten eine Gefahr. Die Dokumentation begleitet diese zwei Dinosaurierarten bis zu jenem kataklysmischen Ereignis, durch das die Dinosaurier die Herrschaft über den Planeten an die Säugetiere abgaben.</plot>
<fsk>6</fsk>
<code>title</code>
</item>
<item>
<title>FC Bayern Mia san Triple - Nur für TEPSHEN</title>
<link>http://vidplay.net/sdg1gcqqdvzw</link>
<link>http://www.mightyupload.com/embed-2k7kkapusyl0-645x353.html</link>
<thumbnail>http://s7.directupload.net/images/130820/ki4xvcuy.jpg</thumbnail>
<fanart></fanart>
<imdb></imdb>
<darsteller></darsteller>
<plot></plot>
<fsk></fsk>
<code></code>
</item>
<item>
<title>IMAX Antarctica</title>
<link>http://vidplay.net/7wtau83qu5iu</link>
<link>http://www.mightyupload.com/embed-d0qvdtqles5n-645x353.html</link>
<thumbnail>http://www.bilder-upload.eu/upload/5ad043-1377097674.jpg</thumbnail>
<fanart>http://d3gtl9l2a4fn1j.cloudfront.net/t/p/original/704YsOl87azhQDV9RWZfPkjERvx.jpg</fanart>
<imdb>6.8</imdb>
<darsteller> Alex Scott</darsteller>
<plot>ANTARCTICA nimmt Sie mit auf einen Kontinent fernab jeglicher Vorstellungskraft. Entdecken Sie eine neue Welt und ihre Wildnis auf eine Weise, wie sie noch nie vorher möglich gewesen ist. ANTARCTICA vermittelt das Gefühl, diesen fantastischen Kontinent hautnah zu erleben – eine bemerkenswerte Erfahrung, die nicht zuletzt durch Robert Scott als begeisterten Erzähler möglich gemacht wird. Die brutale Härte, die Isolation, aber auch die Wunder dieser faszinierenden Grenze der Zivilisation werden so zu einem echten Erlebnis. Fliegen Sie in einem Hubschrauber über die turmhohen Gletscherspitzen... Tauchen Sie durch eine unterirdische Eishöhle... Oder begleiten Sie eine Pinguin-Kompanie bei ihrem Unterwasser-Ballett.</plot>
<fsk>0</fsk>
<code>tt0101357</code>
</item>
<item>
<title>IMAX Great North</title>
<link>http://vidplay.net/mbwhv1e47fc7</link>
<link>http://www.mightyupload.com/embed-q119vkah448d-645x353.html</link>
<thumbnail>http://s14.directupload.net/images/130823/35fkxvmv.jpg</thumbnail>
<fanart>http://d3gtl9l2a4fn1j.cloudfront.net/t/p/original/7fdz4aoXP4vp0MPNSvSqoarUkQF.jpg</fanart>
<imdb>6.7</imdb>
<darsteller> Adamie Quasiak Inukpuk, Shelagh Rogers</darsteller>
<plot>GREAT NORTH entführt sie in die raue Umgebung der Arktis. Dort lebt das Volk der Inuit, welches schon seit 5000 Jahren mit den mühseligen Bedingungen in Harmonie lebt. Einer von ihnen ist Adamie Inukpuk, Enkel des legendären Nanuk. Wir begleiten ihn auf seiner aufregenden Reise durch das Land, die Kultur und die Traditionen der Inuit. Werden sie Zeuge des harten Lebens der Inuit und erleben sie die Jagd mit einer Karibuherde. Lassen sie sich im IMAX Format von den bedrohlich aufragenden Eisbergen, weiten Gletschertälern und den üppigen Landstrichen beeindrucken</plot>
<fsk>6</fsk>
<code>title</code>
</item>
<item>
<title>IMAX Australia Land Beyond Time</title>
<link>http://vidplay.net/x0i8fegdf3bj</link>
<link>http://www.mightyupload.com/embed-40mkftxii46g-645x353.html</link>
<thumbnail>http://s1.directupload.net/images/130824/v7vlxr2i.jpg</thumbnail>
<fanart>http://d3gtl9l2a4fn1j.cloudfront.net/t/p/original/7AsBeUDIJGZd36SrZ5gSfsU8Wrc.jpg</fanart>
<imdb>7.1</imdb>
<darsteller> David Flatman, Les Murray</darsteller>
<plot>Australien, gleichzeitig größte Insel und kleinster Kontinent der Welt, ist ein exotisches und faszinierendes Land, das durch die Isolation von allen anderen Ländern geprägt wurde. Tausende Kilometer von roten Wüstensanddünen, die Australiens berühmtes Outback charakterisieren, und die üppigen Regenwälder an der Küste mit ihrer einzigartigen Flora und Fauna machen Australien zu einem Land der Extreme. AUSTRALIA: Land Beyond Time nimmt den Zuschauer mit auf eine atemberaubende Reise zurück in die Vergangenheit. So werden die Geburt und die Entwicklung eines mysteriösen Landes erlebbar, das nicht nur die Heimat der ältesten Lebensformen der Welt ist, sondern auch die von vielen der merkwürdigsten Kreaturen, die auf diesem Planeten existieren.</plot>
<fsk>0</fsk>
<code>title</code>
</item>
<item>
<title>Drachenmädchen 2012</title>
<link>http://vidplay.net/l0k5n9ve3495</link>
<link>http://www.mightyupload.com/embed-l8bv4q2x9t92-645x353.html</link>
<thumbnail>http://s1.directupload.net/images/130824/yuqkqkbx.jpg</thumbnail>
<fanart>http://d3gtl9l2a4fn1j.cloudfront.net/t/p/original/lSQLj59OLDVIBWTVtyoq9NiFcAM.jpg</fanart>
<imdb>7.1</imdb>
<darsteller> Xin Chenxi, Chen Xi, Huang Luolan</darsteller>
<plot>Drei Mädchen, die im chinesischen Kampfkloster "Shaolin Tagou" leben. Das Institut zählt mit über 26.000 Schülerinnen und Schülern zu den größten Kung-Fu-Schulen des Landes. Der Alltag der Mädchen ist von Zwängen und Anpassung an überaus strenge Vorschriften geprägt. Obwohl sie zu Kampfmaschinen erzogen und ausgebildet werden, so bleiben sie innerlich doch Kinder. Die neunjährige Xin Chenxi, die nun zum Eliteteam gehört, dachte, in der Kung-Fu-Schule würde man das Fliegen lernen. Sie darf sich Hoffnungen auf den ersten Platz bei den diesjährigen Meisterschaften machen. ChenXi ist 15 Jahre alt und hat ihre Eltern seit ihrem zweiten Lebensjahr nicht mehr gesehen. Sie möchte zu einer der besten Kämpferinnen der Welt werden. Die Älteste der dreien ist Huang aus Shanghai, ein 17 Jahre altes Mädchen, das mit dem Druck in der Schule nicht mehr zurechtkommt. Sie hat das Leben in der Schule gehasst und will nie wieder dorthin zurück.</plot>
<fsk>6</fsk>
<code>title</code>
</item>
<item>
<title>IMAX Ultimate Gs</title>
<link>http://vidplay.net/0rdvmie8hcpu</link>
<link>http://www.mightyupload.com/embed-3ya1kzn2vbwh-645x353.html</link>
<thumbnail>http://s14.directupload.net/images/130825/y24cliru.jpg</thumbnail>
<fanart>http://d3gtl9l2a4fn1j.cloudfront.net/t/p/original/cBsBIqBY6WTR5YdT0rROKgDLhCM.jpg</fanart>
<imdb>5.5</imdb>
<darsteller> Joel McNichol, Emma Campbell, Michael Cera</darsteller>
<plot>In der IMAX-Dokumentation "Im Rausch der Lüfte" kann der Zuschauer atemberaubende Flugmanöver betrachten, so als wäre er direkt dabei. Die Piloten fliegen dabei durch die unglaublichen Weiten des Grand Canyon und entdecken den Traum vom Fliegen.</plot>
<fsk>0</fsk>
<code>title</code>
</item>
<item>
<title>IMAX Rescue Katastrophenhilfe auf Haiti</title>
<link>http://vidplay.net/kqoneovubaog</link>
<link>http://www.mightyupload.com/embed-ejaj153qaer8-645x353.html</link>
<thumbnail>http://s14.directupload.net/images/130826/b6vsokub.jpg</thumbnail>
<fanart></fanart>
<imdb></imdb>
<darsteller></darsteller>
<plot></plot>
<fsk></fsk>
<code></code>
</item>
<item>
<title>Big Bugs Kleine Krabbler ganz groß</title>
<link>http://vidplay.net/u3f85v0hzilq</link>
<link>http://www.mightyupload.com/embed-vi8b15yu9t7p-645x353.html</link>
<thumbnail>http://s14.directupload.net/images/130827/hr2i7hbc.jpg</thumbnail>
<fanart>http://d3gtl9l2a4fn1j.cloudfront.net/t/p/original/v9zR3nub1q49K2PMVBVRRLaJPr9.jpg</fanart>
<imdb>7.6</imdb>
<darsteller> Georg Derbuch, Werner Kurz, Laurenz Mertl</darsteller>
<plot>Das spektakuläre Real-3D-Ereignis mit fantastischen Aufnahmen! Sie gehören zu den erfolgreichsten Tieren auf unserem Planeten: 80 Prozent aller bekannten Arten sind Gliederfüßer. Sie sind unersättlich, höchst effizient, gut gepanzert und bestens organisiert. Aber erst aus der Nähe betrachtet zeigt sich die wahre Größe der kleinen Krabbler. Unter ihnen sind die größten Sonderlinge der Natur: Spinnen, die unter Falltüren lauern, Schmetterlinge, die Kontinente überqueren, Käfer, die einander vom Baum werfen oder gewiefte Konstrukteure von Treibsand-Fallen. Es sind die besten Flieger, die listigsten Jäger und die schnellsten Läufer auf mehr als vier Beinen. Faszinerende Real-3D-Aufnahmen, extreme Zeitlupen-Sequenzen und innovative Makro-Kameratechniken erlauben neue und fantastische Einblicke in das Leben von Spinnen, Schmetterlingen und Käfern.</plot>
<fsk>0</fsk>
<code>title</code>
</item>
<item>
<title>Apple Stories</title>
<link>http://vidplay.net/znri1iyfg9cv</link>
<link>http://www.mightyupload.com/embed-v3y6t9yf9261-645x353.html</link>
<thumbnail>http://images.cinefacts.de/thumbs/Apple-Stories-Poster.jpg</thumbnail>
<fanart>http://d3gtl9l2a4fn1j.cloudfront.net/t/p/original/zsYdxOY5TbTYlQcL0gnyqRv0qoi.jpg</fanart>
<imdb>4.7</imdb>
<darsteller> Rasmus Gerlach</darsteller>
<plot>Der Dokumentarfilm verfolgt am Beispiel des iPhones Herstellung und Vertrieb eines globalen Wirtschaftsprodukts in verschiedenen Ländern und Kontinenten. Vor den Apple Stores großer Städte bilden sich am Eröffnungstag lange Käuferschlangen. In den afrikanischen Minen, in denen das für die Herstellung des Prestigeprodukts benötigte Zinn abgebaut wird, gibt es ein hohes Unfallrisiko. In China, wo das Handy hergestellt wird, arbeiten die Menschen, besonders bei einigen Zulieferern, für niedrige Löhne. Auch in Bezug auf fehlende Ersatzteile stellt der Film kritische Fragen zur Unternehmenspolitik von Apple...</plot>
<fsk>6</fsk>
<code>title</code>
</item>
<item>
<title>South of the Border</title>
<link>http://vidplay.net/5wjjr9hg7x8j</link>
<link>http://www.mightyupload.com/embed-k4qrhs3xhthv-645x353.html</link>
<thumbnail>http://images.cinefacts.de/thumbs/4250128411165-South-of-the-Border.jpg</thumbnail>
<fanart>http://d3gtl9l2a4fn1j.cloudfront.net/t/p/original/oRDbMhB4Z6zxSsZzb33CLMa9bRQ.jpg</fanart>
<imdb>6.8</imdb>
<darsteller> Tariq Ali, Raúl Castro, Hugo Chávez</darsteller>
<plot>In Südamerika ist eine Revolultion im Gange, von der der Rest der Welt kaum etwas mitbekommt. Oliver Stone unternahm eine Reise durch fünf Länder des Kontinents, um die sozialen und politischen Bewegungen zu dokumentieren, die von den westlichen Mainstream-Medien in schöner Einigkeit größtenteils ignoriert werden. In Gesprächen mit sieben Staatsoberhäuptern zeigt er, wie sich der vermeintliche Hinterhof der USA gegen die Unterdrückung durch den übermächtigen Nachbarn im Norden wehrt.</plot>
<fsk>12</fsk>
<code>title</code>
</item>
<item>
<title>Abenteuer Karibik - Tauchen mit den Haien</title>
<link>http://vidplay.net/fcbn260bd3nn</link>
<link>http://www.mightyupload.com/embed-08itcv71vmaz-645x353.html</link>
<thumbnail>http://www.bilder-upload.eu/upload/13b5d7-1380124023.jpg</thumbnail>
<fanart>http://d3gtl9l2a4fn1j.cloudfront.net/t/p/original/4SpmbgYvG6jrbQGrqF0vbcbI0pr.jpg</fanart>
<imdb>-</imdb>
<darsteller> ----</darsteller>
<plot></plot>
<fsk>0</fsk>
<code></code>
</item>
<item>
<title>Cocaine Bandits 4</title>
<link>http://vidplay.net/dx18qajah5u2</link>
<link>http://www.mightyupload.com/embed-xnbminnu2kdw-645x353.html</link>
<thumbnail>http://images.cinefacts.de/thumbs/Cocaine-Bandits-4_dvd_cover.jpg</thumbnail>
<fanart></fanart>
<imdb>--</imdb>
<darsteller> -</darsteller>
<plot>Cocaine Bandits 4 – Tijuana, die weltberühmte Grenzstadt zwischen den USA und Mexiko. Hier geht die Kontrolle nicht von dem Parlament oder der Polizei aus – hier herrscht das Arellano-Félix-Kartell (CAF). Die Millionen Touristen aus den USA und der Welt sehen nur das glitzernde Abziehbild einer Stadt, die von Korruption, Gier und Blut so zerfressen ist, wie man es sonst nur aus Filmen kennt. Doch die Kriminalität ist real, der Drogenkrieg hält sich nicht in dunklen Hinterhöfen auf, sondern wird auf offener Straße ausgetragen. Jeden Tag werden Stadtviertel übernommen, Personen verstümmelt, Jugendliche in die Prostitution getrieben, Unschuldige ermordet. Von der Polizei ist keine Hilfe zu erwarten, denn die besteht ebenso aus Verbrechern wie das Kartell selbst.</plot>
<fsk>16</fsk>
<code></code>
</item>
<item>
<title>Wildes Afrika - Eine außergewöhnliche Reise</title>
<link>http://vidplay.net/8pyxsx1t46wo</link>
<link>http://www.mightyupload.com/embed-97uicm7zx9ar-645x353.html</link>
<thumbnail>http://www.bilder-upload.eu/upload/32035c-1382438986.jpg</thumbnail>
<fanart></fanart>
<imdb></imdb>
<darsteller></darsteller>
<plot>Afrika – die Mutter aller Kontinente. Ausgestreckt über den Äquator liegt die riesige Landmasse umgeben von Ozeanen im Zentrum unserer Welt. 13 Prozent der Weltbevölkerung sind hier zu Hause. Nirgendwo sonst hat sich eine derart vielfältige Vegetation und Tierwelt entwickelt. Dichter Regenwald, sengend heiße Wüsten, raue Berglandschaften, azurblaue Seen und kilometerlange Flussläufe prägen das Bild des drittgrößten Kontinentes unseres Planeten. Löwen finden hier genauso ein Zuhause wie Elefanten, Nashörner und Schlangen. Das Geheimnis von Afrikas atemberaubender Entwicklungsgeschichte ist die Zeit. Über Millionen Jahre hat sich der Kontinent entfaltet und einen Artenreichtum hervorgebracht, der einesgleichen sucht.</plot>
<fsk>-</fsk>
<code></code>
</item>
<item>
<title>Giganten der Eiszeit-Das Reich der Säbelzahnkatze</title>
<link>http://vidplay.net/vzicvt8tkqrj</link>
<link>http://www.mightyupload.com/embed-curclu29xul2-645x353.html</link>
<thumbnail>http://s1.directupload.net/images/131024/zwwls9od.jpg</thumbnail>
<fanart></fanart>
<imdb>7.5</imdb>
<darsteller> Alice Roberts, John Broster, Daniel Fisher</darsteller>
<plot>Das Eiszeitalter war alles andere als lebensfeindlich – die globalen Klimaveränderungen löschten zwar an vielen Orten Arten aus, schufen aber unzählige neue Möglichkeiten anderswo. Diese innovative dreiteilige Serie rollt das Schicksal der großen charismatischen Tiere des Eiszeitalters neu auf: Aufstieg und Fall von Mammut, Höhlenbär und Säbelzahnkatze als spannende, kriminaltechnische Ermittlung!</plot>
<fsk>12</fsk>
<code>title</code>
</item>
</ArrayOfitem>